classification,device_type_code,device_type_description,cpu_util,latency_capacity,avg_price_per_gb,ttl_used,ttl_usable,pct_used,ttl_allocated,client_id,period_id
DR,V7000_DEVICE,IBM V7000 Device,100.0,10.0,1.75,62.96,197.37,31.9,542.21,137,1467
Prod-iSeries,V7000_DEVICE,IBM V7000 Device,100.0,10.0,1.75,154.13,202.06,76.28,434.77,137,1467
DR,VMAX_DEVICE,EMC VMax Device,100.0,10.0,3.0,47.93,195.93,24.46,48.15,137,1468
Prod-Open,VMAX_DEVICE,EMC VMax Device,100.0,10.0,3.0,147.67,191.21,77.23,152.62,137,1468
DR,V7000_DEVICE,IBM V7000 Device,100.0,10.0,1.75,62.96,197.35,31.9,542.21,137,1469
DR,VMAX_DEVICE,EMC VMax Device,100.0,10.0,3.0,47.65,195.89,24.33,47.92,137,1469
Prod-iSeries,V7000_DEVICE,IBM V7000 Device,100.0,10.0,1.75,154.35,202.07,76.39,434.77,137,1469
Prod-Open,VMAX_DEVICE,EMC VMax Device,100.0,10.0,3.0,146.69,191.09,76.76,151.75,137,1469
DR,V7000_DEVICE,IBM V7000 Device,100.0,10.0,1.75,62.98,197.38,31.91,542.21,137,1470
Prod-iSeries,V7000_DEVICE,IBM V7000 Device,100.0,10.0,1.75,154.42,202.04,76.43,434.77,137,1470
DR,V7000_DEVICE,IBM V7000 Device,100.0,10.0,1.75,63.01,197.34,31.93,542.21,137,1471
DR,VMAX_DEVICE,EMC VMax Device,100.0,10.0,3.0,50.58,195.93,25.81,50.8,137,1471
Prod-iSeries,V7000_DEVICE,IBM V7000 Device,100.0,10.0,1.75,154.43,202.07,76.42,434.77,137,1471
Prod-Open,VMAX_DEVICE,EMC VMax Device,100.0,10.0,3.0,149.2,191.04,78.09,154.31,137,1471
DR,V7000_DEVICE,IBM V7000 Device,100.0,10.0,1.75,62.99,197.37,31.91,542.21,137,1474
DR,VMAX_DEVICE,EMC VMax Device,100.0,10.0,3.0,50.38,195.9,25.72,50.65,137,1474
Prod-iSeries,V7000_DEVICE,IBM V7000 Device,100.0,10.0,1.75,153.92,202.06,76.17,434.77,137,1474
Prod-Open,VMAX_DEVICE,EMC VMax Device,100.0,10.0,3.0,147.15,190.76,77.14,152.56,137,1474
DR,V7000_DEVICE,IBM V7000 Device,100.0,10.0,1.75,62.99,197.37,31.92,542.21,137,1476
DR,VMAX_DEVICE,EMC VMax Device,100.0,10.0,3.0,51.32,195.91,26.19,51.56,137,1476
Prod-iSeries,V7000_DEVICE,IBM V7000 Device,100.0,10.0,1.75,154.51,202.06,76.47,434.77,137,1476
Prod-Open,VMAX_DEVICE,EMC VMax Device,100.0,10.0,3.0,149.32,190.14,78.53,155.33,137,1476
DR,V7000_DEVICE,IBM V7000 Device,100.0,10.0,1.75,63.0,197.37,31.92,542.21,137,1478
DR,VMAX_DEVICE,EMC VMax Device,100.0,10.0,3.0,50.54,195.89,25.8,50.8,137,1478
Prod-iSeries,V7000_DEVICE,IBM V7000 Device,100.0,10.0,1.75,154.37,202.07,76.4,434.77,137,1478
Prod-Open,VMAX_DEVICE,EMC VMax Device,100.0,10.0,3.0,124.8,190.93,65.36,130.03,137,1478
DR,V7000_DEVICE,IBM V7000 Device,100.0,10.0,1.75,63.35,197.37,32.1,542.21,137,1481
DR,VMAX_DEVICE,EMC VMax Device,100.0,10.0,3.0,51.72,195.92,26.4,51.96,137,1481
Prod-iSeries,V7000_DEVICE,IBM V7000 Device,100.0,10.0,1.75,153.99,202.06,76.21,434.77,137,1481
Prod-Open,VMAX_DEVICE,EMC VMax Device,100.0,10.0,3.0,121.51,191.13,63.57,126.54,137,1481
DR,V7000_DEVICE,IBM V7000 Device,100.0,10.0,1.75,63.37,197.37,32.11,542.21,137,1483
DR,VMAX_DEVICE,EMC VMax Device,100.0,10.0,3.0,50.96,195.9,26.02,51.22,137,1483
Prod-iSeries,V7000_DEVICE,IBM V7000 Device,100.0,10.0,1.75,154.0,202.06,76.21,434.77,137,1483
Prod-Open,VMAX_DEVICE,EMC VMax Device,100.0,10.0,3.0,122.28,191.49,63.86,126.95,137,1483
DR,V7000_DEVICE,IBM V7000 Device,100.0,10.0,1.75,63.39,197.38,32.12,542.21,137,1485
DR,VMAX_DEVICE,EMC VMax Device,100.0,10.0,3.0,49.65,195.91,25.34,49.9,137,1485
Prod-iSeries,V7000_DEVICE,IBM V7000 Device,100.0,10.0,1.75,154.52,202.07,76.47,434.77,137,1485
Prod-Open,VMAX_DEVICE,EMC VMax Device,100.0,10.0,3.0,123.2,192.21,64.1,127.15,137,1485
DR,V7000_DEVICE,IBM V7000 Device,100.0,10.0,1.75,63.49,197.38,32.17,542.21,137,1488
DR,VMAX_DEVICE,EMC VMax Device,100.0,10.0,3.0,49.72,195.99,25.37,49.89,137,1488
Prod-iSeries,V7000_DEVICE,IBM V7000 Device,100.0,10.0,1.75,154.99,202.05,76.71,434.77,137,1488
Prod-Open,VMAX_DEVICE,EMC VMax Device,100.0,10.0,3.0,120.05,191.8,62.59,124.4,137,1488
DR,V7000_DEVICE,IBM V7000 Device,100.0,10.0,1.75,63.42,197.37,32.13,542.21,137,1490
DR,VMAX_DEVICE,EMC VMax Device,100.0,10.0,3.0,49.32,195.95,25.17,49.52,137,1490
Prod-iSeries,V7000_DEVICE,IBM V7000 Device,100.0,10.0,1.75,154.24,202.07,76.33,434.77,137,1490
Prod-Open,VMAX_DEVICE,EMC VMax Device,100.0,10.0,3.0,119.51,191.92,62.27,123.75,137,1490
DR,V7000_DEVICE,IBM V7000 Device,100.0,10.0,1.75,63.41,197.37,32.13,542.21,137,1492
DR,VMAX_DEVICE,EMC VMax Device,100.0,10.0,3.0,53.53,195.91,27.32,53.77,137,1492
Prod-iSeries,V7000_DEVICE,IBM V7000 Device,100.0,10.0,1.75,154.66,202.06,76.54,434.77,137,1492
Prod-Open,VMAX_DEVICE,EMC VMax Device,100.0,10.0,3.0,120.95,192.39,62.87,124.72,137,1492
DR,V7000_DEVICE,IBM V7000 Device,100.0,10.0,1.75,63.46,197.37,32.15,542.21,137,1495
DR,VMAX_DEVICE,EMC VMax Device,100.0,10.0,3.0,67.46,194.91,34.61,68.71,137,1495
Prod-iSeries,V7000_DEVICE,IBM V7000 Device,100.0,10.0,1.75,153.96,202.06,76.2,434.77,137,1495
Prod-Open,VMAX_DEVICE,EMC VMax Device,100.0,10.0,3.0,118.89,192.17,61.87,122.88,137,1495
DR,V7000_DEVICE,IBM V7000 Device,100.0,10.0,1.75,63.46,197.37,32.16,542.21,137,1497
DR,VMAX_DEVICE,EMC VMax Device,100.0,10.0,3.0,74.94,194.48,38.53,76.61,137,1497
Prod-iSeries,V7000_DEVICE,IBM V7000 Device,100.0,10.0,1.75,154.74,202.07,76.58,434.77,137,1497
Prod-Open,VMAX_DEVICE,EMC VMax Device,100.0,10.0,3.0,120.08,192.21,62.47,124.03,137,1497
DR,V7000_DEVICE,IBM V7000 Device,100.0,10.0,1.75,63.46,197.37,32.15,542.21,137,1499
DR,VMAX_DEVICE,EMC VMax Device,100.0,10.0,3.0,75.02,194.82,38.51,76.36,137,1499
Prod-iSeries,V7000_DEVICE,IBM V7000 Device,100.0,10.0,1.75,154.28,202.06,76.35,434.77,137,1499
Prod-Open,VMAX_DEVICE,EMC VMax Device,100.0,10.0,3.0,119.85,192.5,62.26,123.51,137,1499
DR,V7000_DEVICE,IBM V7000 Device,100.0,10.0,1.75,63.5,197.37,32.17,542.21,137,1502
DR,VMAX_DEVICE,EMC VMax Device,100.0,10.0,3.0,76.63,195.01,39.29,77.77,137,1502
Prod-iSeries,V7000_DEVICE,IBM V7000 Device,100.0,10.0,1.75,153.57,202.06,76.0,434.77,137,1502
Prod-Open,VMAX_DEVICE,EMC VMax Device,100.0,10.0,3.0,119.35,192.32,62.06,123.19,137,1502
DR,V7000_DEVICE,IBM V7000 Device,100.0,10.0,1.75,63.5,197.38,32.17,542.21,137,1504
DR,VMAX_DEVICE,EMC VMax Device,100.0,10.0,3.0,77.15,195.03,39.56,78.27,137,1504
Prod-iSeries,V7000_DEVICE,IBM V7000 Device,100.0,10.0,1.75,154.1,202.07,76.26,434.77,137,1504
Prod-Open,VMAX_DEVICE,EMC VMax Device,100.0,10.0,3.0,119.56,192.21,62.2,123.51,137,1504
DR,V7000_DEVICE,IBM V7000 Device,100.0,10.0,1.75,63.48,197.37,32.16,542.21,137,1506
DR,VMAX_DEVICE,EMC VMax Device,100.0,10.0,3.0,75.7,194.91,38.84,76.94,137,1506
Prod-iSeries,V7000_DEVICE,IBM V7000 Device,100.0,10.0,1.75,154.33,202.06,76.38,434.77,137,1506
Prod-Open,VMAX_DEVICE,EMC VMax Device,100.0,10.0,3.0,123.35,192.78,63.98,126.73,137,1506
DR,V7000_DEVICE,IBM V7000 Device,100.0,10.0,1.75,63.51,197.37,32.18,542.21,137,1509
DR,VMAX_DEVICE,EMC VMax Device,100.0,10.0,3.0,74.29,195.0,38.1,75.44,137,1509
Prod-iSeries,V7000_DEVICE,IBM V7000 Device,100.0,10.0,1.75,150.82,199.54,75.58,434.77,137,1509
DR,V7000_DEVICE,IBM V7000 Device,100.0,10.0,1.75,63.46,197.37,32.15,542.21,137,1511
DR,VMAX_DEVICE,EMC VMax Device,100.0,10.0,3.0,75.11,195.07,38.5,76.2,137,1511
Prod-iSeries,V7000_DEVICE,IBM V7000 Device,100.0,10.0,1.75,154.26,202.07,76.34,434.77,137,1511
Prod-Open,VMAX_DEVICE,EMC VMax Device,100.0,10.0,3.0,117.09,192.19,60.92,121.06,137,1511
DR,V7000_DEVICE,IBM V7000 Device,100.0,10.0,1.75,63.47,197.36,32.16,542.21,137,1513
DR,VMAX_DEVICE,EMC VMax Device,100.0,10.0,3.0,76.73,195.29,39.29,77.6,137,1513
Prod-iSeries,V7000_DEVICE,IBM V7000 Device,100.0,10.0,1.75,154.25,202.07,76.33,434.77,137,1513
Prod-Open,VMAX_DEVICE,EMC VMax Device,100.0,10.0,3.0,117.56,192.53,61.06,121.19,137,1513
DR,VMAX_DEVICE,EMC VMax Device,100.0,10.0,3.0,74.96,195.04,38.43,76.08,137,1516
Prod-iSeries,V7000_DEVICE,IBM V7000 Device,100.0,10.0,1.75,153.83,202.06,76.13,434.77,137,1516
Prod-Open,VMAX_DEVICE,EMC VMax Device,100.0,10.0,3.0,116.29,192.24,60.49,120.21,137,1516
DR,V7000_DEVICE,IBM V7000 Device,100.0,10.0,1.75,63.51,197.37,32.18,542.21,137,1518
DR,VMAX_DEVICE,EMC VMax Device,100.0,10.0,3.0,74.9,194.91,38.43,76.15,137,1518
Prod-iSeries,V7000_DEVICE,IBM V7000 Device,100.0,10.0,1.75,154.36,202.06,76.39,434.77,137,1518
Prod-Open,VMAX_DEVICE,EMC VMax Device,100.0,10.0,3.0,116.52,192.15,60.64,120.53,137,1518
DR,V7000_DEVICE,IBM V7000 Device,100.0,10.0,1.75,63.51,197.36,32.18,542.21,137,1520
DR,VMAX_DEVICE,EMC VMax Device,100.0,10.0,3.0,76.63,195.17,39.26,77.62,137,1520
Prod-iSeries,V7000_DEVICE,IBM V7000 Device,100.0,10.0,1.75,154.53,202.06,76.48,434.77,137,1520
Prod-Open,VMAX_DEVICE,EMC VMax Device,100.0,10.0,3.0,118.74,192.53,61.67,122.37,137,1520
DR,V7000_DEVICE,IBM V7000 Device,100.0,10.0,1.75,63.54,197.37,32.19,542.21,137,1523
DR,VMAX_DEVICE,EMC VMax Device,100.0,10.0,3.0,75.35,195.02,38.64,76.49,137,1523
Prod-Open,VMAX_DEVICE,EMC VMax Device,100.0,10.0,3.0,116.97,192.22,60.85,120.91,137,1523
DR,V7000_DEVICE,IBM V7000 Device,100.0,10.0,1.75,63.55,197.38,32.2,542.21,137,1525
DR,VMAX_DEVICE,EMC VMax Device,100.0,10.0,3.0,76.04,195.06,38.98,77.13,137,1525
Prod-iSeries,V7000_DEVICE,IBM V7000 Device,100.0,10.0,1.75,154.48,202.06,76.45,434.77,137,1525
Prod-Open,VMAX_DEVICE,EMC VMax Device,100.0,10.0,3.0,117.15,192.07,61.0,121.25,137,1525
DR,V7000_DEVICE,IBM V7000 Device,100.0,10.0,1.75,63.56,197.37,32.2,542.21,137,1527
DR,VMAX_DEVICE,EMC VMax Device,100.0,10.0,3.0,75.44,195.09,38.67,76.51,137,1527
Prod-iSeries,V7000_DEVICE,IBM V7000 Device,100.0,10.0,1.75,154.52,202.06,76.47,434.77,137,1527
Prod-Open,VMAX_DEVICE,EMC VMax Device,100.0,10.0,3.0,119.03,192.48,61.84,122.71,137,1527
DR,V7000_DEVICE,IBM V7000 Device,100.0,10.0,1.75,63.59,197.38,32.22,542.21,137,1530
DR,VMAX_DEVICE,EMC VMax Device,100.0,10.0,3.0,75.72,195.02,38.83,76.86,137,1530
Prod-iSeries,V7000_DEVICE,IBM V7000 Device,100.0,10.0,1.75,154.01,202.06,76.22,434.77,137,1530
Prod-Open,VMAX_DEVICE,EMC VMax Device,100.0,10.0,3.0,117.47,192.18,61.12,121.45,137,1530
DR,V7000_DEVICE,IBM V7000 Device,100.0,10.0,1.75,63.59,197.36,32.22,542.21,137,1532
DR,VMAX_DEVICE,EMC VMax Device,100.0,10.0,3.0,76.22,195.07,39.07,77.31,137,1532
Prod-iSeries,V7000_DEVICE,IBM V7000 Device,100.0,10.0,1.75,154.66,202.06,76.54,434.77,137,1532
Prod-Open,VMAX_DEVICE,EMC VMax Device,100.0,10.0,3.0,117.6,192.09,61.22,121.68,137,1532
DR,V7000_DEVICE,IBM V7000 Device,100.0,10.0,1.75,63.59,197.38,32.22,542.21,137,1534
DR,VMAX_DEVICE,EMC VMax Device,100.0,10.0,3.0,77.3,195.18,39.61,78.29,137,1534
Prod-iSeries,V7000_DEVICE,IBM V7000 Device,100.0,10.0,1.75,154.44,202.06,76.43,434.77,137,1534
Prod-Open,VMAX_DEVICE,EMC VMax Device,100.0,10.0,3.0,123.44,192.39,64.16,127.21,137,1534
DR,V7000_DEVICE,IBM V7000 Device,100.0,10.0,1.75,63.64,197.42,32.24,542.21,137,1537
DR,VMAX_DEVICE,EMC VMax Device,100.0,10.0,3.0,77.05,195.04,39.51,78.17,137,1537
Prod-iSeries,V7000_DEVICE,IBM V7000 Device,100.0,10.0,1.75,155.02,202.05,76.72,434.77,137,1537
Prod-Open,VMAX_DEVICE,EMC VMax Device,100.0,10.0,3.0,118.89,192.1,61.89,122.95,137,1537
DR,V7000_DEVICE,IBM V7000 Device,100.0,10.0,1.75,63.47,197.36,32.16,542.21,137,1539
DR,VMAX_DEVICE,EMC VMax Device,100.0,10.0,3.0,77.17,195.0,39.57,78.33,137,1539
Prod-iSeries,V7000_DEVICE,IBM V7000 Device,100.0,10.0,1.75,154.45,202.06,76.44,434.77,137,1539
Prod-Open,VMAX_DEVICE,EMC VMax Device,100.0,10.0,3.0,119.61,192.08,62.27,123.69,137,1539
DR,V7000_DEVICE,IBM V7000 Device,100.0,10.0,1.75,63.45,197.37,32.15,542.21,137,1541
DR,VMAX_DEVICE,EMC VMax Device,100.0,10.0,3.0,78.21,195.28,40.05,79.09,137,1541
Prod-iSeries,V7000_DEVICE,IBM V7000 Device,100.0,10.0,1.75,154.5,202.06,76.46,434.77,137,1541
Prod-Open,VMAX_DEVICE,EMC VMax Device,100.0,10.0,3.0,120.21,192.28,62.52,124.09,137,1541
DR,V7000_DEVICE,IBM V7000 Device,100.0,10.0,1.75,63.34,197.3,32.11,542.21,137,1544
DR,VMAX_DEVICE,EMC VMax Device,100.0,10.0,3.0,75.41,195.01,38.67,76.55,137,1544
Prod-iSeries,V7000_DEVICE,IBM V7000 Device,100.0,10.0,1.75,154.01,202.07,76.22,434.77,137,1544
Prod-Open,VMAX_DEVICE,EMC VMax Device,100.0,10.0,3.0,118.59,192.07,61.74,122.68,137,1544
DR,V7000_DEVICE,IBM V7000 Device,100.0,10.0,1.75,63.33,197.37,32.09,542.21,137,1546
DR,VMAX_DEVICE,EMC VMax Device,100.0,10.0,3.0,76.24,195.04,39.09,77.37,137,1546
Prod-iSeries,V7000_DEVICE,IBM V7000 Device,100.0,10.0,1.75,154.46,202.06,76.44,434.77,137,1546
Prod-Open,VMAX_DEVICE,EMC VMax Device,100.0,10.0,3.0,120.09,192.04,62.53,124.21,137,1546
DR,V7000_DEVICE,IBM V7000 Device,100.0,10.0,1.75,63.3,197.37,32.07,542.21,137,1548
DR,VMAX_DEVICE,EMC VMax Device,100.0,10.0,3.0,77.71,195.29,39.79,78.58,137,1548
Prod-iSeries,V7000_DEVICE,IBM V7000 Device,100.0,10.0,1.75,154.48,202.06,76.45,434.77,137,1548
Prod-Open,VMAX_DEVICE,EMC VMax Device,100.0,10.0,3.0,121.48,192.42,63.13,125.22,137,1548
DR,V7000_DEVICE,IBM V7000 Device,100.0,10.0,1.75,63.32,197.37,32.08,542.21,137,1551
DR,VMAX_DEVICE,EMC VMax Device,100.0,10.0,3.0,76.02,195.06,38.97,77.12,137,1551
Prod-iSeries,V7000_DEVICE,IBM V7000 Device,100.0,10.0,1.75,153.98,202.06,76.21,434.77,137,1551
Prod-Open,VMAX_DEVICE,EMC VMax Device,100.0,10.0,3.0,120.95,192.11,62.96,125.0,137,1551
DR,V7000_DEVICE,IBM V7000 Device,100.0,10.0,1.75,63.31,197.38,32.07,542.21,137,1553
DR,VMAX_DEVICE,EMC VMax Device,100.0,10.0,3.0,76.04,195.07,38.98,77.13,137,1553
Prod-iSeries,V7000_DEVICE,IBM V7000 Device,100.0,10.0,1.75,154.61,202.05,76.52,434.77,137,1553
Prod-Open,VMAX_DEVICE,EMC VMax Device,100.0,10.0,3.0,120.09,192.02,62.54,124.23,137,1553
DR,V7000_DEVICE,IBM V7000 Device,100.0,10.0,1.75,63.15,197.37,31.99,542.21,137,1555
DR,VMAX_DEVICE,EMC VMax Device,100.0,10.0,3.0,77.54,195.32,39.7,78.38,137,1555
Prod-iSeries,V7000_DEVICE,IBM V7000 Device,100.0,10.0,1.75,154.13,202.02,76.3,434.77,137,1555
Prod-Open,VMAX_DEVICE,EMC VMax Device,100.0,10.0,3.0,122.12,192.38,63.48,125.91,137,1555
DR,V7000_DEVICE,IBM V7000 Device,100.0,10.0,1.75,62.91,197.37,31.87,542.21,137,1558
DR,VMAX_DEVICE,EMC VMax Device,100.0,10.0,3.0,77.19,195.23,39.54,78.13,137,1558
Prod-iSeries,V7000_DEVICE,IBM V7000 Device,100.0,10.0,1.75,154.04,202.06,76.23,434.77,137,1558
Prod-Open,VMAX_DEVICE,EMC VMax Device,100.0,10.0,3.0,121.88,192.42,63.34,125.62,137,1558
DR,V7000_DEVICE,IBM V7000 Device,100.0,10.0,1.75,62.74,197.38,31.79,542.21,137,1560
DR,VMAX_DEVICE,EMC VMax Device,100.0,10.0,3.0,76.98,195.13,39.45,78.01,137,1560
Prod-iSeries,V7000_DEVICE,IBM V7000 Device,100.0,10.0,1.75,154.78,202.06,76.6,434.77,137,1560
Prod-Open,VMAX_DEVICE,EMC VMax Device,100.0,10.0,3.0,121.32,192.12,63.15,125.37,137,1560
DR,V7000_DEVICE,IBM V7000 Device,100.0,10.0,1.75,62.73,197.36,31.78,542.21,137,1562
DR,VMAX_DEVICE,EMC VMax Device,100.0,10.0,3.0,78.28,195.25,40.09,79.18,137,1562
Prod-iSeries,V7000_DEVICE,IBM V7000 Device,100.0,10.0,1.75,154.55,202.07,76.48,434.77,137,1562
Prod-Open,VMAX_DEVICE,EMC VMax Device,100.0,10.0,3.0,124.28,192.55,64.54,127.89,137,1562
DR,V7000_DEVICE,IBM V7000 Device,100.0,10.0,1.75,62.75,197.36,31.8,542.21,137,1565
DR,VMAX_DEVICE,EMC VMax Device,100.0,10.0,3.0,77.48,195.12,39.71,78.52,137,1565
Prod-iSeries,V7000_DEVICE,IBM V7000 Device,100.0,10.0,1.75,153.78,202.06,76.11,434.77,137,1565
Prod-Open,VMAX_DEVICE,EMC VMax Device,100.0,10.0,3.0,122.5,192.39,63.67,126.28,137,1565
DR,V7000_DEVICE,IBM V7000 Device,100.0,10.0,1.75,62.75,197.38,31.79,542.21,137,1567
DR,VMAX_DEVICE,EMC VMax Device,100.0,10.0,3.0,77.62,195.1,39.78,78.67,137,1567
Prod-iSeries,V7000_DEVICE,IBM V7000 Device,100.0,10.0,1.75,154.56,202.05,76.5,434.77,137,1567
Prod-Open,VMAX_DEVICE,EMC VMax Device,100.0,10.0,3.0,121.61,192.04,63.33,125.73,137,1567
DR,V7000_DEVICE,IBM V7000 Device,100.0,10.0,1.75,62.77,197.37,31.8,542.21,137,1569
DR,VMAX_DEVICE,EMC VMax Device,100.0,10.0,3.0,78.81,195.27,40.36,79.7,137,1569
Prod-iSeries,V7000_DEVICE,IBM V7000 Device,100.0,10.0,1.75,154.7,202.06,76.56,434.77,137,1569
Prod-Open,VMAX_DEVICE,EMC VMax Device,100.0,10.0,3.0,123.19,192.46,64.01,126.89,137,1569
DR,V7000_DEVICE,IBM V7000 Device,100.0,10.0,1.75,62.81,197.37,31.82,542.21,137,1572
DR,VMAX_DEVICE,EMC VMax Device,100.0,10.0,3.0,78.23,195.17,40.09,79.22,137,1572
Prod-iSeries,V7000_DEVICE,IBM V7000 Device,100.0,10.0,1.75,154.0,202.06,76.21,434.77,137,1572
Prod-Open,VMAX_DEVICE,EMC VMax Device,100.0,10.0,3.0,121.87,192.28,63.38,125.75,137,1572
DR,V7000_DEVICE,IBM V7000 Device,100.0,10.0,1.75,62.82,197.37,31.83,542.21,137,1574
DR,VMAX_DEVICE,EMC VMax Device,100.0,10.0,3.0,77.95,195.1,39.95,79.0,137,1574
Prod-iSeries,V7000_DEVICE,IBM V7000 Device,100.0,10.0,1.75,154.51,202.06,76.47,434.77,137,1574
DR,V7000_DEVICE,IBM V7000 Device,100.0,10.0,1.75,62.86,197.37,31.85,542.21,137,1576
DR,VMAX_DEVICE,EMC VMax Device,100.0,10.0,3.0,79.19,195.29,40.55,80.06,137,1576
Prod-iSeries,V7000_DEVICE,IBM V7000 Device,100.0,10.0,1.75,154.58,202.06,76.5,434.77,137,1576
Prod-Open,VMAX_DEVICE,EMC VMax Device,100.0,10.0,3.0,124.14,192.48,64.5,127.82,137,1576
DR,V7000_DEVICE,IBM V7000 Device,100.0,10.0,1.75,62.95,197.37,31.89,542.21,137,1579
DR,VMAX_DEVICE,EMC VMax Device,100.0,10.0,3.0,77.17,195.0,39.57,78.32,137,1579
Prod-iSeries,V7000_DEVICE,IBM V7000 Device,100.0,10.0,1.75,155.2,202.06,76.81,434.77,137,1579
Prod-Open,VMAX_DEVICE,EMC VMax Device,100.0,10.0,3.0,124.74,192.48,64.81,128.42,137,1579
DR,V7000_DEVICE,IBM V7000 Device,100.0,10.0,1.75,62.89,197.37,31.86,542.21,137,1581
DR,VMAX_DEVICE,EMC VMax Device,100.0,10.0,3.0,77.56,194.99,39.78,78.72,137,1581
Prod-iSeries,V7000_DEVICE,IBM V7000 Device,100.0,10.0,1.75,154.55,202.06,76.49,434.77,137,1581
Prod-Open,VMAX_DEVICE,EMC VMax Device,100.0,10.0,3.0,123.23,192.03,64.17,127.36,137,1581
DR,V7000_DEVICE,IBM V7000 Device,100.0,10.0,1.75,62.88,197.38,31.86,542.21,137,1583
DR,VMAX_DEVICE,EMC VMax Device,100.0,10.0,3.0,79.31,195.16,40.64,80.31,137,1583
Prod-iSeries,V7000_DEVICE,IBM V7000 Device,100.0,10.0,1.75,154.97,202.06,76.69,434.77,137,1583
DR,V7000_DEVICE,IBM V7000 Device,100.0,10.0,1.75,63.54,197.38,32.19,542.21,137,1586
DR,VMAX_DEVICE,EMC VMax Device,100.0,10.0,3.0,79.09,195.12,40.53,80.13,137,1586
Prod-iSeries,V7000_DEVICE,IBM V7000 Device,100.0,10.0,1.75,154.17,202.06,76.3,434.77,137,1586
Prod-Open,VMAX_DEVICE,EMC VMax Device,100.0,10.0,3.0,125.49,192.25,65.27,129.4,137,1586
DR,V7000_DEVICE,IBM V7000 Device,100.0,10.0,1.75,63.54,197.38,32.19,542.21,137,1588
DR,VMAX_DEVICE,EMC VMax Device,100.0,10.0,3.0,78.79,195.05,40.4,79.9,137,1588
Prod-iSeries,V7000_DEVICE,IBM V7000 Device,100.0,10.0,1.75,154.67,202.06,76.55,434.77,137,1588
Prod-Open,VMAX_DEVICE,EMC VMax Device,100.0,10.0,3.0,124.74,191.94,64.99,128.95,137,1588
DR,V7000_DEVICE,IBM V7000 Device,100.0,10.0,1.75,63.58,197.36,32.22,542.21,137,1590
DR,VMAX_DEVICE,EMC VMax Device,100.0,10.0,3.0,80.05,195.2,41.01,81.01,137,1590
Prod-iSeries,V7000_DEVICE,IBM V7000 Device,100.0,10.0,1.75,154.63,202.06,76.52,434.77,137,1590
Prod-Open,VMAX_DEVICE,EMC VMax Device,100.0,10.0,3.0,126.4,192.33,65.72,130.23,137,1590
DR,V7000_DEVICE,IBM V7000 Device,100.0,10.0,1.75,63.57,197.37,32.21,542.21,137,1593
DR,VMAX_DEVICE,EMC VMax Device,100.0,10.0,3.0,78.43,194.84,40.25,79.74,137,1593
Prod-iSeries,V7000_DEVICE,IBM V7000 Device,100.0,10.0,1.75,154.17,202.06,76.3,434.77,137,1593
Prod-Open,VMAX_DEVICE,EMC VMax Device,100.0,10.0,3.0,126.83,192.3,65.96,130.69,137,1593
DR,V7000_DEVICE,IBM V7000 Device,100.0,10.0,1.75,63.57,197.37,32.21,542.21,137,1595
DR,VMAX_DEVICE,EMC VMax Device,100.0,10.0,3.0,79.42,195.03,40.72,80.54,137,1595
Prod-iSeries,V7000_DEVICE,IBM V7000 Device,100.0,10.0,1.75,154.92,202.06,76.67,434.77,137,1595
Prod-Open,VMAX_DEVICE,EMC VMax Device,100.0,10.0,3.0,126.0,192.0,65.63,130.16,137,1595
DR,V7000_DEVICE,IBM V7000 Device,100.0,10.0,1.75,63.58,197.36,32.22,542.21,137,1597
DR,VMAX_DEVICE,EMC VMax Device,100.0,10.0,3.0,78.46,194.6,40.32,80.02,137,1597
Prod-iSeries,V7000_DEVICE,IBM V7000 Device,100.0,10.0,1.75,154.63,202.06,76.52,434.77,137,1597
Prod-Open,VMAX_DEVICE,EMC VMax Device,100.0,10.0,3.0,129.47,192.32,67.32,133.31,137,1597
DR,V7000_DEVICE,IBM V7000 Device,100.0,10.0,1.75,60.18,197.37,30.49,527.87,137,1600
DR,VMAX_DEVICE,EMC VMax Device,100.0,10.0,3.0,78.88,194.65,40.53,80.4,137,1600
Prod-iSeries,V7000_DEVICE,IBM V7000 Device,100.0,10.0,1.75,151.85,202.06,75.15,425.56,137,1600
Prod-Open,VMAX_DEVICE,EMC VMax Device,100.0,10.0,3.0,128.51,192.22,66.86,132.45,137,1600
DR,VMAX_DEVICE,EMC VMax Device,100.0,10.0,3.0,78.89,194.7,40.52,80.35,137,1602
Prod-iSeries,V7000_DEVICE,IBM V7000 Device,100.0,10.0,1.75,151.45,202.06,74.95,425.56,137,1602
Prod-Open,VMAX_DEVICE,EMC VMax Device,100.0,10.0,3.0,127.51,191.82,66.47,131.84,137,1602
DR,V7000_DEVICE,IBM V7000 Device,100.0,10.0,1.75,60.26,197.37,30.53,527.87,137,1604
DR,VMAX_DEVICE,EMC VMax Device,100.0,10.0,3.0,78.22,194.93,40.13,79.45,137,1604
Prod-iSeries,V7000_DEVICE,IBM V7000 Device,100.0,10.0,1.75,151.58,202.06,75.02,425.56,137,1604
Prod-Open,VMAX_DEVICE,EMC VMax Device,100.0,10.0,3.0,129.81,192.27,67.52,133.71,137,1604
DR,V7000_DEVICE,IBM V7000 Device,100.0,10.0,1.75,60.25,197.37,30.53,527.87,137,1607
DR,VMAX_DEVICE,EMC VMax Device,100.0,10.0,3.0,78.41,195.26,40.16,79.3,137,1607
Prod-iSeries,V7000_DEVICE,IBM V7000 Device,100.0,10.0,1.75,151.13,202.06,74.79,425.56,137,1607
Prod-Open,VMAX_DEVICE,EMC VMax Device,100.0,10.0,3.0,125.5,192.33,65.25,129.33,137,1607
DR,V7000_DEVICE,IBM V7000 Device,100.0,10.0,1.75,60.36,197.37,30.58,527.87,137,1609
DR,VMAX_DEVICE,EMC VMax Device,100.0,10.0,3.0,76.6,195.16,39.25,77.59,137,1609
Prod-iSeries,V7000_DEVICE,IBM V7000 Device,100.0,10.0,1.75,150.94,202.06,74.7,425.56,137,1609
Prod-Open,VMAX_DEVICE,EMC VMax Device,100.0,10.0,3.0,124.68,192.1,64.9,128.74,137,1609
DR,V7000_DEVICE,IBM V7000 Device,100.0,10.0,1.75,60.38,197.37,30.59,527.87,137,1611
DR,VMAX_DEVICE,EMC VMax Device,100.0,10.0,3.0,77.64,195.3,39.75,78.5,137,1611
Prod-iSeries,V7000_DEVICE,IBM V7000 Device,100.0,10.0,1.75,151.62,202.06,75.04,425.56,137,1611
Prod-Open,VMAX_DEVICE,EMC VMax Device,100.0,10.0,3.0,126.51,192.39,65.76,130.28,137,1611
DR,V7000_DEVICE,IBM V7000 Device,100.0,10.0,1.75,60.41,197.37,30.61,527.87,137,1614
DR,VMAX_DEVICE,EMC VMax Device,100.0,10.0,3.0,78.04,195.3,39.96,78.9,137,1614
Prod-iSeries,V7000_DEVICE,IBM V7000 Device,100.0,10.0,1.75,151.33,202.06,74.89,425.56,137,1614
Prod-Open,VMAX_DEVICE,EMC VMax Device,100.0,10.0,3.0,126.47,192.31,65.76,130.31,137,1614
DR,V7000_DEVICE,IBM V7000 Device,100.0,10.0,1.75,60.45,197.37,30.63,527.87,137,1616
DR,VMAX_DEVICE,EMC VMax Device,100.0,10.0,3.0,78.34,195.3,40.12,79.21,137,1616
Prod-iSeries,V7000_DEVICE,IBM V7000 Device,100.0,10.0,1.75,151.7,202.06,75.08,425.56,137,1616
Prod-Open,VMAX_DEVICE,EMC VMax Device,100.0,10.0,3.0,126.25,192.09,65.73,130.33,137,1616
DR,V7000_DEVICE,IBM V7000 Device,100.0,10.0,1.75,61.0,197.37,30.91,527.87,137,1618
DR,VMAX_DEVICE,EMC VMax Device,100.0,10.0,3.0,79.32,195.45,40.58,80.03,137,1618
Prod-iSeries,V7000_DEVICE,IBM V7000 Device,100.0,10.0,1.75,152.12,202.06,75.29,425.56,137,1618
Prod-Open,VMAX_DEVICE,EMC VMax Device,100.0,10.0,3.0,129.33,192.35,67.24,133.14,137,1618
DR,V7000_DEVICE,IBM V7000 Device,100.0,10.0,1.75,60.99,197.37,30.9,527.87,137,1621
DR,VMAX_DEVICE,EMC VMax Device,100.0,10.0,3.0,77.7,195.27,39.79,78.59,137,1621
Prod-iSeries,V7000_DEVICE,IBM V7000 Device,100.0,10.0,1.75,151.71,202.06,75.08,425.56,137,1621
Prod-Open,VMAX_DEVICE,EMC VMax Device,100.0,10.0,3.0,129.93,192.36,67.54,133.73,137,1621
DR,V7000_DEVICE,IBM V7000 Device,100.0,10.0,1.75,60.99,197.37,30.9,527.87,137,1623
Prod-iSeries,V7000_DEVICE,IBM V7000 Device,100.0,10.0,1.75,152.52,202.06,75.48,425.56,137,1623
Prod-Open,VMAX_DEVICE,EMC VMax Device,100.0,10.0,3.0,128.94,192.13,67.11,132.96,137,1623
DR,V7000_DEVICE,IBM V7000 Device,100.0,10.0,1.75,61.04,197.37,30.93,527.87,137,1625
DR,VMAX_DEVICE,EMC VMax Device,100.0,10.0,3.0,79.34,195.35,40.61,80.14,137,1625
Prod-iSeries,V7000_DEVICE,IBM V7000 Device,100.0,10.0,1.75,152.18,202.06,75.32,425.56,137,1625
Prod-Open,VMAX_DEVICE,EMC VMax Device,100.0,10.0,3.0,138.06,192.51,71.71,141.71,137,1625
DR,V7000_DEVICE,IBM V7000 Device,100.0,10.0,1.75,60.73,197.37,30.77,534.01,137,1628
DR,VMAX_DEVICE,EMC VMax Device,100.0,10.0,3.0,78.83,195.32,40.36,79.67,137,1628
Prod-iSeries,V7000_DEVICE,IBM V7000 Device,100.0,10.0,1.75,154.4,202.06,76.41,434.77,137,1628
Prod-Open,VMAX_DEVICE,EMC VMax Device,100.0,10.0,3.0,129.64,192.38,67.38,133.41,137,1628
DR,V7000_DEVICE,IBM V7000 Device,100.0,10.0,1.75,61.1,197.37,30.96,534.01,137,1630
DR,VMAX_DEVICE,EMC VMax Device,100.0,10.0,3.0,78.74,195.28,40.32,79.62,137,1630
Prod-iSeries,V7000_DEVICE,IBM V7000 Device,100.0,10.0,1.75,154.85,202.06,76.64,434.77,137,1630
Prod-Open,VMAX_DEVICE,EMC VMax Device,100.0,10.0,3.0,130.61,192.2,67.96,134.57,137,1630
DR,V7000_DEVICE,IBM V7000 Device,100.0,10.0,1.75,61.04,197.37,30.93,534.01,137,1632
DR,VMAX_DEVICE,EMC VMax Device,100.0,10.0,3.0,79.74,195.43,40.8,80.46,137,1632
Prod-iSeries,V7000_DEVICE,IBM V7000 Device,100.0,10.0,1.75,154.88,202.06,76.65,434.77,137,1632
Prod-Open,VMAX_DEVICE,EMC VMax Device,100.0,10.0,3.0,131.57,192.41,68.38,135.32,137,1632
DR,V7000_DEVICE,IBM V7000 Device,100.0,10.0,1.75,61.06,197.37,30.93,534.01,137,1635
DR,VMAX_DEVICE,EMC VMax Device,100.0,10.0,3.0,79.47,195.32,40.68,80.3,137,1635
Prod-iSeries,V7000_DEVICE,IBM V7000 Device,100.0,10.0,1.75,155.44,202.06,76.93,434.77,137,1635
Prod-Open,VMAX_DEVICE,EMC VMax Device,100.0,10.0,3.0,130.43,192.22,67.86,134.38,137,1635
DR,V7000_DEVICE,IBM V7000 Device,100.0,10.0,1.75,61.0,197.37,30.91,534.01,137,1637
DR,VMAX_DEVICE,EMC VMax Device,100.0,10.0,3.0,79.19,195.25,40.56,80.1,137,1637
Prod-iSeries,V7000_DEVICE,IBM V7000 Device,100.0,10.0,1.75,154.77,202.06,76.6,434.77,137,1637
Prod-Open,VMAX_DEVICE,EMC VMax Device,100.0,10.0,3.0,130.21,192.06,67.8,134.31,137,1637
DR,V7000_DEVICE,IBM V7000 Device,100.0,10.0,1.75,61.08,197.37,30.95,534.01,137,1639
DR,VMAX_DEVICE,EMC VMax Device,100.0,10.0,3.0,80.23,195.4,41.06,80.98,137,1639
Prod-iSeries,V7000_DEVICE,IBM V7000 Device,100.0,10.0,1.75,154.88,202.06,76.65,434.77,137,1639
Prod-Open,VMAX_DEVICE,EMC VMax Device,100.0,10.0,3.0,131.93,192.35,68.59,135.74,137,1639
DR,V7000_DEVICE,IBM V7000 Device,100.0,10.0,1.75,61.02,197.37,30.91,534.01,137,1642
DR,VMAX_DEVICE,EMC VMax Device,100.0,10.0,3.0,79.76,195.32,40.84,80.6,137,1642
Prod-iSeries,V7000_DEVICE,IBM V7000 Device,100.0,10.0,1.75,154.37,202.06,76.4,434.77,137,1642
Prod-Open,VMAX_DEVICE,EMC VMax Device,100.0,10.0,3.0,130.02,192.21,67.64,133.97,137,1642
DR,V7000_DEVICE,IBM V7000 Device,100.0,10.0,1.75,61.0,197.37,30.91,534.01,137,1644
DR,VMAX_DEVICE,EMC VMax Device,100.0,10.0,3.0,79.61,195.24,40.78,80.53,137,1644
Prod-iSeries,V7000_DEVICE,IBM V7000 Device,100.0,10.0,1.75,154.89,202.06,76.66,434.77,137,1644
Prod-Open,VMAX_DEVICE,EMC VMax Device,100.0,10.0,3.0,130.18,191.97,67.81,134.37,137,1644
DR,V7000_DEVICE,IBM V7000 Device,100.0,10.0,1.75,61.39,197.37,31.1,534.01,137,1646
DR,VMAX_DEVICE,EMC VMax Device,100.0,10.0,3.0,78.44,195.26,40.17,79.33,137,1646
Prod-iSeries,V7000_DEVICE,IBM V7000 Device,100.0,10.0,1.75,155.2,202.06,76.81,434.77,137,1646
Prod-Open,VMAX_DEVICE,EMC VMax Device,100.0,10.0,3.0,131.71,192.19,68.53,135.68,137,1646
DR,V7000_DEVICE,IBM V7000 Device,100.0,10.0,1.75,61.02,197.37,30.91,534.01,137,1649
DR,VMAX_DEVICE,EMC VMax Device,100.0,10.0,3.0,78.97,195.25,40.45,79.88,137,1649
Prod-iSeries,V7000_DEVICE,IBM V7000 Device,100.0,10.0,1.75,153.9,202.06,76.16,434.77,137,1649
Prod-Open,VMAX_DEVICE,EMC VMax Device,100.0,10.0,3.0,130.39,192.14,67.86,134.41,137,1649
DR,V7000_DEVICE,IBM V7000 Device,100.0,10.0,1.75,61.0,197.37,30.9,534.01,137,1651
DR,VMAX_DEVICE,EMC VMax Device,100.0,10.0,3.0,79.18,195.21,40.56,80.13,137,1651
Prod-iSeries,V7000_DEVICE,IBM V7000 Device,100.0,10.0,1.75,154.45,202.06,76.44,434.77,137,1651
Prod-Open,VMAX_DEVICE,EMC VMax Device,100.0,10.0,3.0,130.87,191.93,68.19,135.1,137,1651
DR,V7000_DEVICE,IBM V7000 Device,100.0,10.0,1.75,61.03,197.37,30.92,534.01,137,1653
DR,VMAX_DEVICE,EMC VMax Device,100.0,10.0,3.0,80.55,195.29,41.24,81.42,137,1653
Prod-iSeries,V7000_DEVICE,IBM V7000 Device,100.0,10.0,1.75,154.37,202.06,76.4,434.77,137,1653
Prod-Open,VMAX_DEVICE,EMC VMax Device,100.0,10.0,3.0,134.03,192.25,69.72,137.94,137,1653
DR,V7000_DEVICE,IBM V7000 Device,100.0,10.0,1.75,61.06,197.37,30.93,534.01,137,1656
DR,VMAX_DEVICE,EMC VMax Device,100.0,10.0,3.0,79.8,195.22,40.88,80.74,137,1656
Prod-iSeries,V7000_DEVICE,IBM V7000 Device,100.0,10.0,1.75,153.56,202.06,76.0,434.77,137,1656
Prod-Open,VMAX_DEVICE,EMC VMax Device,100.0,10.0,3.0,130.63,192.04,68.02,134.75,137,1656
DR,V7000_DEVICE,IBM V7000 Device,100.0,10.0,1.75,61.07,197.37,30.94,534.01,137,1658
DR,VMAX_DEVICE,EMC VMax Device,100.0,10.0,3.0,79.78,195.18,40.87,80.76,137,1658
Prod-iSeries,V7000_DEVICE,IBM V7000 Device,100.0,10.0,1.75,154.51,202.06,76.47,434.77,137,1658
Prod-Open,VMAX_DEVICE,EMC VMax Device,100.0,10.0,3.0,131.99,191.93,68.77,136.22,137,1658
DR,V7000_DEVICE,IBM V7000 Device,100.0,10.0,1.75,61.01,197.37,30.91,534.01,137,1660
DR,VMAX_DEVICE,EMC VMax Device,100.0,10.0,3.0,80.93,195.36,41.43,81.73,137,1660
Prod-iSeries,V7000_DEVICE,IBM V7000 Device,100.0,10.0,1.75,154.08,202.06,76.25,434.77,137,1660
Prod-Open,VMAX_DEVICE,EMC VMax Device,100.0,10.0,3.0,133.38,192.06,69.44,137.47,137,1660
DR,V7000_DEVICE,IBM V7000 Device,100.0,10.0,1.75,61.02,197.37,30.92,534.01,137,1663
DR,VMAX_DEVICE,EMC VMax Device,100.0,10.0,3.0,80.68,195.25,41.32,81.59,137,1663
Prod-iSeries,V7000_DEVICE,IBM V7000 Device,100.0,10.0,1.75,154.39,202.06,76.41,434.77,137,1663
Prod-Open,VMAX_DEVICE,EMC VMax Device,100.0,10.0,3.0,132.08,191.95,68.81,136.29,137,1663
DR,V7000_DEVICE,IBM V7000 Device,100.0,10.0,1.75,61.12,197.37,30.96,534.01,137,1665
DR,VMAX_DEVICE,EMC VMax Device,100.0,10.0,3.0,80.4,195.2,41.19,81.36,137,1665
Prod-Open,VMAX_DEVICE,EMC VMax Device,100.0,10.0,3.0,132.56,192.0,69.04,136.72,137,1665
DR,V7000_DEVICE,IBM V7000 Device,100.0,10.0,1.75,61.05,197.37,30.93,534.01,137,1667
DR,VMAX_DEVICE,EMC VMax Device,100.0,10.0,3.0,79.37,195.22,40.66,80.31,137,1667
Prod-iSeries,V7000_DEVICE,IBM V7000 Device,100.0,10.0,1.75,153.96,202.06,76.19,434.77,137,1667
Prod-Open,VMAX_DEVICE,EMC VMax Device,100.0,10.0,3.0,133.73,192.16,69.59,137.73,137,1667
DR,V7000_DEVICE,IBM V7000 Device,100.0,10.0,1.75,61.09,197.37,30.95,534.01,137,1670
DR,VMAX_DEVICE,EMC VMax Device,100.0,10.0,3.0,81.01,195.4,41.46,81.77,137,1670
Prod-iSeries,V7000_DEVICE,IBM V7000 Device,100.0,10.0,1.75,153.92,202.06,76.17,434.77,137,1670
Prod-Open,VMAX_DEVICE,EMC VMax Device,100.0,10.0,3.0,132.37,192.14,68.89,136.39,137,1670
DR,V7000_DEVICE,IBM V7000 Device,100.0,10.0,1.75,61.08,197.37,30.95,534.01,137,1672
DR,VMAX_DEVICE,EMC VMax Device,100.0,10.0,3.0,80.96,195.41,41.43,81.7,137,1672
Prod-iSeries,V7000_DEVICE,IBM V7000 Device,100.0,10.0,1.75,154.13,202.06,76.28,434.77,137,1672
Prod-Open,VMAX_DEVICE,EMC VMax Device,100.0,10.0,3.0,132.74,191.95,69.16,136.95,137,1672
DR,V7000_DEVICE,IBM V7000 Device,100.0,10.0,1.75,61.1,197.37,30.96,534.01,137,1674
DR,VMAX_DEVICE,EMC VMax Device,100.0,10.0,3.0,81.27,195.44,41.58,81.98,137,1674
Prod-iSeries,V7000_DEVICE,IBM V7000 Device,100.0,10.0,1.75,154.1,202.06,76.26,434.77,137,1674
Prod-Open,VMAX_DEVICE,EMC VMax Device,100.0,10.0,3.0,133.52,192.14,69.49,137.55,137,1674
DR,V7000_DEVICE,IBM V7000 Device,100.0,10.0,1.75,61.07,197.37,30.94,534.01,137,1677
DR,VMAX_DEVICE,EMC VMax Device,100.0,10.0,3.0,80.87,195.38,41.39,81.65,137,1677
Prod-iSeries,V7000_DEVICE,IBM V7000 Device,100.0,10.0,1.75,154.02,202.06,76.23,434.77,137,1677
Prod-Open,VMAX_DEVICE,EMC VMax Device,100.0,10.0,3.0,132.25,192.17,68.82,136.24,137,1677
DR,V7000_DEVICE,IBM V7000 Device,100.0,10.0,1.75,61.22,197.37,31.02,534.01,137,1679
DR,VMAX_DEVICE,EMC VMax Device,100.0,10.0,3.0,81.05,195.41,41.48,81.8,137,1679
Prod-iSeries,V7000_DEVICE,IBM V7000 Device,100.0,10.0,1.75,154.33,202.06,76.38,434.77,137,1679
Prod-Open,VMAX_DEVICE,EMC VMax Device,100.0,10.0,3.0,133.15,192.0,69.35,137.31,137,1679
DR,V7000_DEVICE,IBM V7000 Device,100.0,10.0,1.75,61.12,197.37,30.97,534.01,137,1681
DR,VMAX_DEVICE,EMC VMax Device,100.0,10.0,3.0,81.3,195.42,41.61,82.05,137,1681
Prod-iSeries,V7000_DEVICE,IBM V7000 Device,100.0,10.0,1.75,153.98,202.06,76.21,434.77,137,1681
Prod-Open,VMAX_DEVICE,EMC VMax Device,100.0,10.0,3.0,135.21,191.92,70.45,139.44,137,1681
DR,V7000_DEVICE,IBM V7000 Device,100.0,10.0,1.75,61.17,197.37,30.99,534.01,137,1684
DR,VMAX_DEVICE,EMC VMax Device,100.0,10.0,3.0,81.33,195.36,41.63,82.13,137,1684
Prod-iSeries,V7000_DEVICE,IBM V7000 Device,100.0,10.0,1.75,153.86,202.06,76.14,434.77,137,1684
Prod-Open,VMAX_DEVICE,EMC VMax Device,100.0,10.0,3.0,132.46,191.97,69.0,136.65,137,1684
DR,V7000_DEVICE,IBM V7000 Device,100.0,10.0,1.75,61.16,197.37,30.99,534.01,137,1686
DR,VMAX_DEVICE,EMC VMax Device,100.0,10.0,3.0,81.69,195.38,41.81,82.47,137,1686
Prod-iSeries,V7000_DEVICE,IBM V7000 Device,100.0,10.0,1.75,154.11,202.06,76.27,434.77,137,1686
Prod-Open,VMAX_DEVICE,EMC VMax Device,100.0,10.0,3.0,143.04,193.62,73.88,145.58,137,1686
DR,V7000_DEVICE,IBM V7000 Device,100.0,10.0,1.75,61.24,197.37,31.03,534.01,137,1688
DR,VMAX_DEVICE,EMC VMax Device,100.0,10.0,3.0,81.8,195.35,41.87,82.6,137,1688
Prod-iSeries,V7000_DEVICE,IBM V7000 Device,100.0,10.0,1.75,153.82,202.06,76.13,434.77,137,1688
Prod-Open,VMAX_DEVICE,EMC VMax Device,100.0,10.0,3.0,145.57,193.13,75.37,148.6,137,1688
DR,V7000_DEVICE,IBM V7000 Device,100.0,10.0,1.75,61.15,197.37,30.98,534.01,137,1691
DR,VMAX_DEVICE,EMC VMax Device,100.0,10.0,3.0,80.54,194.96,41.31,81.74,137,1691
Prod-iSeries,V7000_DEVICE,IBM V7000 Device,100.0,10.0,1.75,154.59,202.06,76.51,434.77,137,1691
Prod-Open,VMAX_DEVICE,EMC VMax Device,100.0,10.0,3.0,146.45,193.37,75.74,149.24,137,1691
DR,V7000_DEVICE,IBM V7000 Device,100.0,10.0,1.75,61.12,197.37,30.97,534.01,137,1693
DR,VMAX_DEVICE,EMC VMax Device,100.0,10.0,3.0,80.69,194.91,41.4,81.94,137,1693
Prod-iSeries,V7000_DEVICE,IBM V7000 Device,100.0,10.0,1.75,153.66,202.06,76.05,434.77,137,1693
Prod-Open,VMAX_DEVICE,EMC VMax Device,100.0,10.0,3.0,146.34,193.5,75.63,149.0,137,1693
DR,V7000_DEVICE,IBM V7000 Device,100.0,10.0,1.75,61.51,197.37,31.16,534.01,137,1695
DR,VMAX_DEVICE,EMC VMax Device,100.0,10.0,3.0,80.53,194.9,41.32,81.78,137,1695
Prod-iSeries,V7000_DEVICE,IBM V7000 Device,100.0,10.0,1.75,153.76,202.06,76.1,434.77,137,1695
Prod-Open,VMAX_DEVICE,EMC VMax Device,100.0,10.0,3.0,144.52,193.79,74.57,146.89,137,1695
DR,V7000_DEVICE,IBM V7000 Device,100.0,10.0,1.75,61.17,197.37,30.99,534.01,137,1698
DR,VMAX_DEVICE,EMC VMax Device,100.0,10.0,3.0,81.5,195.06,41.78,82.59,137,1698
Prod-iSeries,V7000_DEVICE,IBM V7000 Device,100.0,10.0,1.75,153.69,202.06,76.06,434.77,137,1698
Prod-Open,VMAX_DEVICE,EMC VMax Device,100.0,10.0,3.0,146.54,193.56,75.71,149.13,137,1698
DR,V7000_DEVICE,IBM V7000 Device,100.0,10.0,1.75,61.17,197.37,30.99,534.01,137,1700
DR,VMAX_DEVICE,EMC VMax Device,100.0,10.0,3.0,82.23,195.1,42.15,83.29,137,1700
Prod-iSeries,V7000_DEVICE,IBM V7000 Device,100.0,10.0,1.75,153.95,202.06,76.19,434.77,137,1700
Prod-Open,VMAX_DEVICE,EMC VMax Device,100.0,10.0,3.0,146.63,193.59,75.74,149.2,137,1700
DR,V7000_DEVICE,IBM V7000 Device,100.0,10.0,1.75,61.23,197.37,31.02,534.01,137,1702
DR,VMAX_DEVICE,EMC VMax Device,100.0,10.0,3.0,81.13,195.09,41.58,82.2,137,1702
Prod-iSeries,V7000_DEVICE,IBM V7000 Device,100.0,10.0,1.75,153.79,202.06,76.11,434.77,137,1702
Prod-Open,VMAX_DEVICE,EMC VMax Device,100.0,10.0,3.0,146.68,193.71,75.72,149.13,137,1702
DR,V7000_DEVICE,IBM V7000 Device,100.0,10.0,1.75,61.21,197.37,31.01,534.01,137,1705
DR,VMAX_DEVICE,EMC VMax Device,100.0,10.0,3.0,82.25,195.25,42.13,83.16,137,1705
Prod-iSeries,V7000_DEVICE,IBM V7000 Device,100.0,10.0,1.75,153.69,202.06,76.06,434.77,137,1705
Prod-Open,VMAX_DEVICE,EMC VMax Device,100.0,10.0,3.0,147.42,193.52,76.18,150.05,137,1705
DR,V7000_DEVICE,IBM V7000 Device,100.0,10.0,1.75,61.2,197.37,31.01,534.01,137,1707
DR,VMAX_DEVICE,EMC VMax Device,100.0,10.0,3.0,81.74,195.22,41.87,82.68,137,1707
Prod-iSeries,V7000_DEVICE,IBM V7000 Device,100.0,10.0,1.75,153.23,202.06,75.83,434.77,137,1707
Prod-Open,VMAX_DEVICE,EMC VMax Device,100.0,10.0,3.0,145.88,193.51,75.39,148.53,137,1707
DR,V7000_DEVICE,IBM V7000 Device,100.0,10.0,1.75,61.2,197.37,31.01,534.01,137,1709
DR,VMAX_DEVICE,EMC VMax Device,100.0,10.0,3.0,81.94,195.24,41.97,82.86,137,1709
Prod-iSeries,V7000_DEVICE,IBM V7000 Device,100.0,10.0,1.75,153.86,202.06,76.15,434.77,137,1709
Prod-Open,VMAX_DEVICE,EMC VMax Device,100.0,10.0,3.0,147.53,193.66,76.18,150.03,137,1709
DR,V7000_DEVICE,IBM V7000 Device,100.0,10.0,1.75,61.22,197.37,31.02,534.01,137,1712
DR,VMAX_DEVICE,EMC VMax Device,100.0,10.0,3.0,82.05,195.23,42.03,82.98,137,1712
Prod-iSeries,V7000_DEVICE,IBM V7000 Device,100.0,10.0,1.75,153.7,202.06,76.07,434.77,137,1712
Prod-Open,VMAX_DEVICE,EMC VMax Device,100.0,10.0,3.0,147.69,193.48,76.33,150.36,137,1712
DR,V7000_DEVICE,IBM V7000 Device,100.0,10.0,1.75,61.23,197.37,31.02,534.01,137,1714
DR,VMAX_DEVICE,EMC VMax Device,100.0,10.0,3.0,82.19,195.25,42.09,83.09,137,1714
Prod-iSeries,V7000_DEVICE,IBM V7000 Device,100.0,10.0,1.75,153.93,202.06,76.18,434.77,137,1714
Prod-Open,VMAX_DEVICE,EMC VMax Device,100.0,10.0,3.0,147.38,193.57,76.14,149.97,137,1714
DR,V7000_DEVICE,IBM V7000 Device,100.0,10.0,1.75,61.37,197.37,31.1,534.01,137,1716
DR,VMAX_DEVICE,EMC VMax Device,100.0,10.0,3.0,82.18,195.29,42.08,83.05,137,1716
Prod-iSeries,V7000_DEVICE,IBM V7000 Device,100.0,10.0,1.75,153.81,202.06,76.12,434.77,137,1716
Prod-Open,VMAX_DEVICE,EMC VMax Device,100.0,10.0,3.0,149.16,193.55,77.07,151.77,137,1716
DR,V7000_DEVICE,IBM V7000 Device,100.0,10.0,1.75,61.25,197.37,31.04,534.01,137,1719
DR,VMAX_DEVICE,EMC VMax Device,100.0,10.0,3.0,82.06,195.25,42.03,82.97,137,1719
Prod-iSeries,V7000_DEVICE,IBM V7000 Device,100.0,10.0,1.75,153.68,202.06,76.06,434.77,137,1719
Prod-Open,VMAX_DEVICE,EMC VMax Device,100.0,10.0,3.0,148.11,193.53,76.53,150.74,137,1719
DR,V7000_DEVICE,IBM V7000 Device,100.0,10.0,1.75,61.27,197.37,31.04,534.01,137,1721
DR,VMAX_DEVICE,EMC VMax Device,100.0,10.0,3.0,82.21,195.27,42.1,83.1,137,1721
Prod-iSeries,V7000_DEVICE,IBM V7000 Device,100.0,10.0,1.75,153.76,202.06,76.1,434.77,137,1721
Prod-Open,VMAX_DEVICE,EMC VMax Device,100.0,10.0,3.0,147.8,193.54,76.37,150.42,137,1721
DR,V7000_DEVICE,IBM V7000 Device,100.0,10.0,1.75,61.27,197.37,31.05,534.01,137,1723
DR,VMAX_DEVICE,EMC VMax Device,100.0,10.0,3.0,82.38,195.45,42.15,83.08,137,1723
Prod-iSeries,V7000_DEVICE,IBM V7000 Device,100.0,10.0,1.75,153.99,202.06,76.21,434.77,137,1723
Prod-Open,VMAX_DEVICE,EMC VMax Device,100.0,10.0,3.0,148.06,193.66,76.46,150.57,137,1723
DR,V7000_DEVICE,IBM V7000 Device,100.0,10.0,1.75,61.32,197.37,31.07,534.01,137,1726
DR,VMAX_DEVICE,EMC VMax Device,100.0,10.0,3.0,82.59,195.45,42.26,83.29,137,1726
Prod-iSeries,V7000_DEVICE,IBM V7000 Device,100.0,10.0,1.75,154.51,202.06,76.47,434.77,137,1726
Prod-Open,VMAX_DEVICE,EMC VMax Device,100.0,10.0,3.0,149.11,193.42,77.09,151.85,137,1726
DR,V7000_DEVICE,IBM V7000 Device,100.0,10.0,1.75,61.31,197.37,31.06,534.01,137,1728
DR,VMAX_DEVICE,EMC VMax Device,100.0,10.0,3.0,82.83,195.44,42.38,83.55,137,1728
Prod-iSeries,V7000_DEVICE,IBM V7000 Device,100.0,10.0,1.75,153.75,202.06,76.09,434.77,137,1728
Prod-Open,VMAX_DEVICE,EMC VMax Device,100.0,10.0,3.0,148.75,193.43,76.9,151.48,137,1728
DR,V7000_DEVICE,IBM V7000 Device,100.0,10.0,1.75,61.29,197.37,31.06,534.01,137,1730
DR,VMAX_DEVICE,EMC VMax Device,100.0,10.0,3.0,82.92,195.47,42.42,83.61,137,1730
Prod-iSeries,V7000_DEVICE,IBM V7000 Device,100.0,10.0,1.75,153.69,202.06,76.06,434.77,137,1730
Prod-Open,VMAX_DEVICE,EMC VMax Device,100.0,10.0,3.0,149.49,193.62,77.21,152.03,137,1730
DR,V7000_DEVICE,IBM V7000 Device,100.0,10.0,1.75,61.28,197.37,31.05,534.01,137,1733
DR,VMAX_DEVICE,EMC VMax Device,100.0,10.0,3.0,82.03,195.45,41.97,82.74,137,1733
Prod-iSeries,V7000_DEVICE,IBM V7000 Device,100.0,10.0,1.75,153.46,202.06,75.95,434.77,137,1733
DR,V7000_DEVICE,IBM V7000 Device,100.0,10.0,1.75,61.25,197.37,31.04,534.01,137,1735
DR,VMAX_DEVICE,EMC VMax Device,100.0,10.0,3.0,82.64,195.46,42.28,83.34,137,1735
Prod-iSeries,V7000_DEVICE,IBM V7000 Device,100.0,10.0,1.75,154.0,202.06,76.21,434.77,137,1735
Prod-Open,VMAX_DEVICE,EMC VMax Device,100.0,10.0,3.0,151.15,193.21,78.23,154.1,137,1735
DR,V7000_DEVICE,IBM V7000 Device,100.0,10.0,1.75,61.26,197.37,31.04,534.01,137,1737
DR,VMAX_DEVICE,EMC VMax Device,100.0,10.0,3.0,80.2,195.49,41.03,80.87,137,1737
Prod-iSeries,V7000_DEVICE,IBM V7000 Device,100.0,10.0,1.75,153.51,202.06,75.97,434.77,137,1737
DR,VMAX_DEVICE,EMC VMax Device,100.0,10.0,3.0,80.31,195.45,41.09,81.01,137,1740
Prod-Open,VMAX_DEVICE,EMC VMax Device,100.0,10.0,3.0,147.17,193.44,76.08,149.89,137,1740
DR,V7000_DEVICE,IBM V7000 Device,100.0,10.0,1.75,61.35,197.37,31.08,534.01,137,1742
DR,VMAX_DEVICE,EMC VMax Device,100.0,10.0,3.0,80.52,195.45,41.2,81.23,137,1742
Prod-iSeries,V7000_DEVICE,IBM V7000 Device,100.0,10.0,1.75,153.54,202.06,75.99,434.77,137,1742
Prod-Open,VMAX_DEVICE,EMC VMax Device,100.0,10.0,3.0,146.76,193.33,75.91,149.59,137,1742
DR,V7000_DEVICE,IBM V7000 Device,100.0,10.0,1.75,61.46,197.37,31.14,534.01,137,1744
DR,VMAX_DEVICE,EMC VMax Device,100.0,10.0,3.0,80.86,195.44,41.37,81.58,137,1744
Prod-iSeries,V7000_DEVICE,IBM V7000 Device,100.0,10.0,1.75,153.56,202.06,76.0,434.77,137,1744
Prod-Open,VMAX_DEVICE,EMC VMax Device,100.0,10.0,3.0,150.26,193.06,77.83,153.36,137,1744
DR,V7000_DEVICE,IBM V7000 Device,100.0,10.0,1.75,61.39,197.37,31.1,534.01,137,1747
DR,VMAX_DEVICE,EMC VMax Device,100.0,10.0,3.0,79.41,195.12,40.7,80.45,137,1747
Prod-iSeries,V7000_DEVICE,IBM V7000 Device,100.0,10.0,1.75,153.42,202.06,75.93,434.77,137,1747
Prod-Open,VMAX_DEVICE,EMC VMax Device,100.0,10.0,3.0,150.44,193.33,77.81,153.27,137,1747
DR,V7000_DEVICE,IBM V7000 Device,100.0,10.0,1.75,61.71,197.37,31.27,534.01,137,1749
DR,VMAX_DEVICE,EMC VMax Device,100.0,10.0,3.0,79.54,195.11,40.76,80.58,137,1749
Prod-iSeries,V7000_DEVICE,IBM V7000 Device,100.0,10.0,1.75,153.97,202.06,76.2,434.77,137,1749
Prod-Open,VMAX_DEVICE,EMC VMax Device,100.0,10.0,3.0,148.28,193.17,76.76,151.27,137,1749
DR,V7000_DEVICE,IBM V7000 Device,100.0,10.0,1.75,61.51,197.37,31.16,534.01,137,1751
DR,VMAX_DEVICE,EMC VMax Device,100.0,10.0,3.0,79.01,195.09,40.5,80.08,137,1751
Prod-iSeries,V7000_DEVICE,IBM V7000 Device,100.0,10.0,1.75,153.43,202.06,75.94,434.77,137,1751
Prod-Open,VMAX_DEVICE,EMC VMax Device,100.0,10.0,3.0,150.09,193.45,77.59,152.8,137,1751
DR,V7000_DEVICE,IBM V7000 Device,100.0,10.0,1.75,62.16,197.37,31.49,534.01,137,1754
DR,VMAX_DEVICE,EMC VMax Device,100.0,10.0,3.0,79.9,195.15,40.94,80.91,137,1754
Prod-iSeries,V7000_DEVICE,IBM V7000 Device,100.0,10.0,1.75,154.28,202.06,76.36,434.77,137,1754
Prod-Open,VMAX_DEVICE,EMC VMax Device,100.0,10.0,3.0,149.96,193.23,77.61,152.9,137,1754
DR,V7000_DEVICE,IBM V7000 Device,100.0,10.0,1.75,61.48,197.37,31.15,534.01,137,1756
DR,VMAX_DEVICE,EMC VMax Device,100.0,10.0,3.0,79.67,195.12,40.83,80.7,137,1756
Prod-iSeries,V7000_DEVICE,IBM V7000 Device,100.0,10.0,1.75,153.34,202.06,75.89,434.77,137,1756
Prod-Open,VMAX_DEVICE,EMC VMax Device,100.0,10.0,3.0,148.81,193.33,76.98,151.65,137,1756
DR,V7000_DEVICE,IBM V7000 Device,100.0,10.0,1.75,61.5,197.37,31.16,534.01,137,1758
DR,VMAX_DEVICE,EMC VMax Device,100.0,10.0,3.0,79.28,195.1,40.64,80.34,137,1758
Prod-iSeries,V7000_DEVICE,IBM V7000 Device,100.0,10.0,1.75,153.5,202.06,75.97,434.77,137,1758
Prod-Open,VMAX_DEVICE,EMC VMax Device,100.0,10.0,3.0,150.12,193.46,77.6,152.83,137,1758
DR,V7000_DEVICE,IBM V7000 Device,100.0,10.0,1.75,61.49,197.37,31.16,534.01,137,1761
DR,VMAX_DEVICE,EMC VMax Device,100.0,10.0,3.0,79.5,195.1,40.75,80.55,137,1761
Prod-iSeries,V7000_DEVICE,IBM V7000 Device,100.0,10.0,1.75,153.23,202.06,75.83,434.77,137,1761
Prod-Open,VMAX_DEVICE,EMC VMax Device,100.0,10.0,3.0,151.07,193.27,78.17,153.96,137,1761
DR,V7000_DEVICE,IBM V7000 Device,100.0,10.0,1.75,61.52,197.37,31.17,534.01,137,1763
DR,VMAX_DEVICE,EMC VMax Device,100.0,10.0,3.0,80.37,195.16,41.18,81.37,137,1763
Prod-iSeries,V7000_DEVICE,IBM V7000 Device,100.0,10.0,1.75,153.8,202.06,76.12,434.77,137,1763
Prod-Open,VMAX_DEVICE,EMC VMax Device,100.0,10.0,3.0,150.22,193.2,77.76,153.18,137,1763
DR,V7000_DEVICE,IBM V7000 Device,100.0,10.0,1.75,61.56,197.37,31.19,534.01,137,1765
DR,VMAX_DEVICE,EMC VMax Device,100.0,10.0,3.0,80.33,195.11,41.17,81.38,137,1765
Prod-iSeries,V7000_DEVICE,IBM V7000 Device,100.0,10.0,1.75,154.04,202.06,76.24,434.77,137,1765
Prod-Open,VMAX_DEVICE,EMC VMax Device,100.0,10.0,3.0,152.18,193.34,78.71,154.99,137,1765
DR,V7000_DEVICE,IBM V7000 Device,100.0,10.0,1.75,61.59,197.37,31.21,534.01,137,1768
DR,VMAX_DEVICE,EMC VMax Device,100.0,10.0,3.0,79.88,195.11,40.94,80.93,137,1768
Prod-iSeries,V7000_DEVICE,IBM V7000 Device,100.0,10.0,1.75,153.66,202.06,76.05,434.77,137,1768
Prod-Open,VMAX_DEVICE,EMC VMax Device,100.0,10.0,3.0,152.64,193.12,79.04,155.67,137,1768
DR,V7000_DEVICE,IBM V7000 Device,100.0,10.0,1.75,61.65,197.37,31.23,534.01,137,1770
DR,VMAX_DEVICE,EMC VMax Device,100.0,10.0,3.0,80.38,195.13,41.19,81.4,137,1770
Prod-iSeries,V7000_DEVICE,IBM V7000 Device,100.0,10.0,1.75,153.86,202.06,76.15,434.77,137,1770
Prod-Open,VMAX_DEVICE,EMC VMax Device,100.0,10.0,3.0,151.39,193.06,78.42,154.49,137,1770
DR,V7000_DEVICE,IBM V7000 Device,100.0,10.0,1.75,61.64,197.37,31.23,534.01,137,1772
DR,VMAX_DEVICE,EMC VMax Device,100.0,10.0,3.0,81.19,195.12,41.61,82.23,137,1772
Prod-iSeries,V7000_DEVICE,IBM V7000 Device,100.0,10.0,1.75,153.96,202.06,76.2,434.77,137,1772
Prod-Open,VMAX_DEVICE,EMC VMax Device,100.0,10.0,3.0,152.61,193.18,79.0,155.58,137,1772
DR,V7000_DEVICE,IBM V7000 Device,100.0,10.0,1.75,61.68,197.37,31.25,534.01,137,1775
DR,VMAX_DEVICE,EMC VMax Device,100.0,10.0,3.0,80.17,195.08,41.09,81.24,137,1775
Prod-iSeries,V7000_DEVICE,IBM V7000 Device,100.0,10.0,1.75,153.52,202.06,75.98,434.77,137,1775
Prod-Open,VMAX_DEVICE,EMC VMax Device,100.0,10.0,3.0,153.26,193.04,79.39,156.37,137,1775
DR,V7000_DEVICE,IBM V7000 Device,100.0,10.0,1.75,61.68,197.37,31.25,534.01,137,1777
DR,VMAX_DEVICE,EMC VMax Device,100.0,10.0,3.0,81.63,195.12,41.84,82.67,137,1777
Prod-iSeries,V7000_DEVICE,IBM V7000 Device,100.0,10.0,1.75,154.25,202.06,76.34,434.77,137,1777
Prod-Open,VMAX_DEVICE,EMC VMax Device,100.0,10.0,3.0,151.63,193.08,78.53,154.71,137,1777
DR,V7000_DEVICE,IBM V7000 Device,100.0,10.0,1.75,61.71,197.37,31.26,534.01,137,1779
DR,VMAX_DEVICE,EMC VMax Device,100.0,10.0,3.0,80.38,195.06,41.21,81.48,137,1779
Prod-iSeries,V7000_DEVICE,IBM V7000 Device,100.0,10.0,1.75,154.08,202.06,76.26,434.77,137,1779
Prod-Open,VMAX_DEVICE,EMC VMax Device,100.0,10.0,3.0,152.92,193.16,79.16,155.91,137,1779
DR,V7000_DEVICE,IBM V7000 Device,100.0,10.0,1.75,61.72,197.37,31.27,534.01,137,1782
DR,VMAX_DEVICE,EMC VMax Device,100.0,10.0,3.0,82.29,195.17,42.16,83.27,137,1782
Prod-iSeries,V7000_DEVICE,IBM V7000 Device,100.0,10.0,1.75,153.57,202.06,76.0,434.77,137,1782
Prod-Open,VMAX_DEVICE,EMC VMax Device,100.0,10.0,3.0,153.49,192.57,79.71,157.08,137,1782
DR,V7000_DEVICE,IBM V7000 Device,100.0,10.0,1.75,61.68,197.37,31.25,534.01,137,1784
DR,VMAX_DEVICE,EMC VMax Device,100.0,10.0,3.0,80.76,195.06,41.4,81.86,137,1784
Prod-iSeries,V7000_DEVICE,IBM V7000 Device,100.0,10.0,1.75,154.16,202.06,76.29,434.77,137,1784
Prod-Open,VMAX_DEVICE,EMC VMax Device,100.0,10.0,3.0,152.59,193.03,79.05,155.72,137,1784
DR,V7000_DEVICE,IBM V7000 Device,100.0,10.0,1.75,61.69,197.37,31.26,534.01,137,1786
DR,VMAX_DEVICE,EMC VMax Device,100.0,10.0,3.0,81.17,195.06,41.62,82.28,137,1786
Prod-iSeries,V7000_DEVICE,IBM V7000 Device,100.0,10.0,1.75,154.24,202.06,76.33,434.77,137,1786
Prod-Open,VMAX_DEVICE,EMC VMax Device,100.0,10.0,3.0,153.71,193.12,79.59,156.75,137,1786
DR,V7000_DEVICE,IBM V7000 Device,100.0,10.0,1.75,61.71,197.37,31.27,534.01,137,1789
DR,VMAX_DEVICE,EMC VMax Device,100.0,10.0,3.0,82.76,195.25,42.39,83.67,137,1789
Prod-iSeries,V7000_DEVICE,IBM V7000 Device,100.0,10.0,1.75,154.52,202.06,76.47,434.77,137,1789
Prod-Open,VMAX_DEVICE,EMC VMax Device,100.0,10.0,3.0,153.62,192.63,79.75,157.14,137,1789
DR,V7000_DEVICE,IBM V7000 Device,100.0,10.0,1.75,61.74,197.37,31.28,534.01,137,1791
DR,VMAX_DEVICE,EMC VMax Device,100.0,10.0,3.0,82.87,195.37,42.42,83.66,137,1791
Prod-iSeries,V7000_DEVICE,IBM V7000 Device,100.0,10.0,1.75,154.19,202.06,76.31,434.77,137,1791
Prod-Open,VMAX_DEVICE,EMC VMax Device,100.0,10.0,3.0,149.96,192.61,77.85,153.5,137,1791
DR,V7000_DEVICE,IBM V7000 Device,100.0,10.0,1.75,61.72,197.37,31.27,534.01,137,1793
DR,VMAX_DEVICE,EMC VMax Device,100.0,10.0,3.0,82.98,195.37,42.47,83.77,137,1793
Prod-iSeries,V7000_DEVICE,IBM V7000 Device,100.0,10.0,1.75,154.05,202.06,76.24,434.77,137,1793
DR,V7000_DEVICE,IBM V7000 Device,100.0,10.0,1.75,61.72,197.37,31.27,534.01,137,1796
DR,VMAX_DEVICE,EMC VMax Device,100.0,10.0,3.0,83.66,195.3,42.84,84.52,137,1796
Prod-iSeries,V7000_DEVICE,IBM V7000 Device,100.0,10.0,1.75,153.58,202.06,76.01,434.77,137,1796
Prod-Open,VMAX_DEVICE,EMC VMax Device,100.0,10.0,3.0,149.98,192.51,77.91,153.63,137,1796
DR,V7000_DEVICE,IBM V7000 Device,100.0,10.0,1.75,61.78,197.37,31.3,534.01,137,1798
DR,VMAX_DEVICE,EMC VMax Device,100.0,10.0,3.0,83.56,195.34,42.78,84.38,137,1798
Prod-iSeries,V7000_DEVICE,IBM V7000 Device,100.0,10.0,1.75,154.26,202.06,76.35,434.77,137,1798
Prod-Open,VMAX_DEVICE,EMC VMax Device,100.0,10.0,3.0,151.66,192.55,78.77,155.27,137,1798
DR,V7000_DEVICE,IBM V7000 Device,100.0,10.0,1.75,61.76,197.37,31.29,534.01,137,1800
DR,VMAX_DEVICE,EMC VMax Device,100.0,10.0,3.0,81.69,195.45,41.8,82.4,137,1800
Prod-iSeries,V7000_DEVICE,IBM V7000 Device,100.0,10.0,1.75,153.79,202.06,76.11,434.77,137,1800
Prod-Open,VMAX_DEVICE,EMC VMax Device,100.0,10.0,3.0,152.35,192.77,79.03,155.73,137,1800
DR,V7000_DEVICE,IBM V7000 Device,100.0,10.0,1.75,61.78,197.37,31.3,534.01,137,1803
DR,VMAX_DEVICE,EMC VMax Device,100.0,10.0,3.0,81.46,195.43,41.68,82.19,137,1803
Prod-iSeries,V7000_DEVICE,IBM V7000 Device,100.0,10.0,1.75,153.62,202.06,76.03,434.77,137,1803
Prod-Open,VMAX_DEVICE,EMC VMax Device,100.0,10.0,3.0,149.13,193.47,77.08,151.81,137,1803
DR,V7000_DEVICE,IBM V7000 Device,100.0,10.0,1.75,61.79,197.37,31.31,534.01,137,1805
DR,VMAX_DEVICE,EMC VMax Device,100.0,10.0,3.0,81.81,195.44,41.86,82.53,137,1805
Prod-iSeries,V7000_DEVICE,IBM V7000 Device,100.0,10.0,1.75,154.35,202.06,76.39,434.77,137,1805
Prod-Open,VMAX_DEVICE,EMC VMax Device,100.0,10.0,3.0,151.31,193.2,78.32,154.27,137,1805
DR,V7000_DEVICE,IBM V7000 Device,100.0,10.0,1.75,61.81,197.37,31.32,534.01,137,1807
DR,VMAX_DEVICE,EMC VMax Device,100.0,10.0,3.0,81.98,195.45,41.95,82.69,137,1807
Prod-iSeries,V7000_DEVICE,IBM V7000 Device,100.0,10.0,1.75,154.23,202.06,76.33,434.77,137,1807
Prod-Open,VMAX_DEVICE,EMC VMax Device,100.0,10.0,3.0,151.45,192.68,78.6,154.93,137,1807
DR,V7000_DEVICE,IBM V7000 Device,100.0,10.0,1.75,61.77,197.37,31.3,534.01,137,1810
DR,VMAX_DEVICE,EMC VMax Device,100.0,10.0,3.0,83.35,195.3,42.68,84.21,137,1810
Prod-iSeries,V7000_DEVICE,IBM V7000 Device,100.0,10.0,1.75,153.27,202.06,75.85,434.77,137,1810
Prod-Open,VMAX_DEVICE,EMC VMax Device,100.0,10.0,3.0,154.39,192.22,80.32,158.33,137,1810
DR,V7000_DEVICE,IBM V7000 Device,100.0,10.0,1.75,61.79,197.37,31.31,534.01,137,1812
DR,VMAX_DEVICE,EMC VMax Device,100.0,10.0,3.0,79.1,194.72,40.62,80.53,137,1812
Prod-iSeries,V7000_DEVICE,IBM V7000 Device,100.0,10.0,1.75,154.21,202.06,76.32,434.77,137,1812
Prod-Open,VMAX_DEVICE,EMC VMax Device,100.0,10.0,3.0,152.78,192.58,79.33,156.36,137,1812
DR,V7000_DEVICE,IBM V7000 Device,100.0,10.0,1.75,61.87,197.37,31.35,534.01,137,1814
DR,VMAX_DEVICE,EMC VMax Device,100.0,10.0,3.0,79.2,194.7,40.68,80.65,137,1814
Prod-iSeries,V7000_DEVICE,IBM V7000 Device,100.0,10.0,1.75,154.2,202.06,76.32,434.77,137,1814
Prod-Open,VMAX_DEVICE,EMC VMax Device,100.0,10.0,3.0,152.88,192.8,79.3,156.24,137,1814
DR,V7000_DEVICE,IBM V7000 Device,100.0,10.0,1.75,61.88,197.37,31.35,534.01,137,1817
DR,VMAX_DEVICE,EMC VMax Device,100.0,10.0,3.0,79.44,194.71,40.8,80.89,137,1817
Prod-iSeries,V7000_DEVICE,IBM V7000 Device,100.0,10.0,1.75,153.65,202.06,76.04,434.77,137,1817
Prod-Open,VMAX_DEVICE,EMC VMax Device,100.0,10.0,3.0,153.17,192.82,79.43,156.5,137,1817
DR,V7000_DEVICE,IBM V7000 Device,100.0,10.0,1.75,61.89,197.37,31.36,534.01,137,1819
DR,VMAX_DEVICE,EMC VMax Device,100.0,10.0,3.0,79.4,194.7,40.78,80.86,137,1819
Prod-iSeries,V7000_DEVICE,IBM V7000 Device,100.0,10.0,1.75,154.16,202.06,76.29,434.77,137,1819
Prod-Open,VMAX_DEVICE,EMC VMax Device,100.0,10.0,3.0,152.62,192.43,79.31,156.35,137,1819
DR,V7000_DEVICE,IBM V7000 Device,100.0,10.0,1.75,61.89,197.37,31.36,534.01,137,1821
DR,VMAX_DEVICE,EMC VMax Device,100.0,10.0,3.0,79.59,194.7,40.88,81.05,137,1821
Prod-iSeries,V7000_DEVICE,IBM V7000 Device,100.0,10.0,1.75,153.45,202.06,75.94,434.77,137,1821
Prod-Open,VMAX_DEVICE,EMC VMax Device,100.0,10.0,3.0,153.08,192.68,79.45,156.56,137,1821
DR,V7000_DEVICE,IBM V7000 Device,100.0,10.0,1.75,61.97,197.37,31.4,534.01,137,1824
DR,VMAX_DEVICE,EMC VMax Device,100.0,10.0,3.0,79.57,194.71,40.87,81.02,137,1824
Prod-iSeries,V7000_DEVICE,IBM V7000 Device,100.0,10.0,1.75,154.49,202.06,76.46,434.77,137,1824
Prod-Open,VMAX_DEVICE,EMC VMax Device,100.0,10.0,3.0,153.28,192.55,79.61,156.89,137,1824
DR,V7000_DEVICE,IBM V7000 Device,100.0,10.0,1.75,61.9,197.37,31.36,534.01,137,1826
DR,VMAX_DEVICE,EMC VMax Device,100.0,10.0,3.0,79.02,194.68,40.59,80.5,137,1826
Prod-iSeries,V7000_DEVICE,IBM V7000 Device,100.0,10.0,1.75,154.03,202.06,76.23,434.77,137,1826
Prod-Open,VMAX_DEVICE,EMC VMax Device,100.0,10.0,3.0,153.02,192.22,79.61,156.95,137,1826
DR,V7000_DEVICE,IBM V7000 Device,100.0,10.0,1.75,61.89,197.37,31.36,534.01,137,1828
DR,VMAX_DEVICE,EMC VMax Device,100.0,10.0,3.0,79.48,194.72,40.81,80.91,137,1828
Prod-iSeries,V7000_DEVICE,IBM V7000 Device,100.0,10.0,1.75,153.72,202.06,76.08,434.77,137,1828
Prod-Open,VMAX_DEVICE,EMC VMax Device,100.0,10.0,3.0,153.97,192.26,80.08,157.86,137,1828
DR,V7000_DEVICE,IBM V7000 Device,100.0,10.0,1.75,61.92,197.37,31.37,534.01,137,1831
DR,VMAX_DEVICE,EMC VMax Device,100.0,10.0,3.0,79.77,194.73,40.96,81.2,137,1831
Prod-iSeries,V7000_DEVICE,IBM V7000 Device,100.0,10.0,1.75,153.58,202.06,76.01,434.77,137,1831
Prod-Open,VMAX_DEVICE,EMC VMax Device,100.0,10.0,3.0,151.56,193.05,78.51,154.67,137,1831
DR,V7000_DEVICE,IBM V7000 Device,100.0,10.0,1.75,61.94,197.37,31.38,534.01,137,1833
DR,VMAX_DEVICE,EMC VMax Device,100.0,10.0,3.0,79.24,194.7,40.7,80.69,137,1833
Prod-iSeries,V7000_DEVICE,IBM V7000 Device,100.0,10.0,1.75,153.66,202.06,76.05,434.77,137,1833
Prod-Open,VMAX_DEVICE,EMC VMax Device,100.0,10.0,3.0,153.18,192.43,79.6,156.91,137,1833
Backup,DATA_DOMAIN,EMC Data Domain Device,200.0,40.0,1.75,12063.03,19508.31,61.84,12063.03,137,1835
DR,V7000_DEVICE,IBM V7000 Device,100.0,10.0,1.75,61.95,197.37,31.39,534.01,137,1835
DR,VMAX_DEVICE,EMC VMax Device,100.0,10.0,3.0,80.5,194.74,41.34,81.92,137,1835
Prod-iSeries,V7000_DEVICE,IBM V7000 Device,100.0,10.0,1.75,154.26,202.06,76.35,434.77,137,1835
Prod-Open,VMAX_DEVICE,EMC VMax Device,100.0,10.0,3.0,152.99,192.86,79.33,156.29,137,1835
Backup,DATA_DOMAIN,EMC Data Domain Device,200.0,40.0,1.75,12081.97,18456.56,65.46,12081.97,137,1838
DR,V7000_DEVICE,IBM V7000 Device,100.0,10.0,1.75,61.92,197.37,31.37,534.01,137,1838
DR,VMAX_DEVICE,EMC VMax Device,100.0,10.0,3.0,79.64,194.75,40.89,81.05,137,1838
Prod-iSeries,V7000_DEVICE,IBM V7000 Device,100.0,10.0,1.75,153.59,202.06,76.01,434.77,137,1838
Prod-Open,VMAX_DEVICE,EMC VMax Device,100.0,10.0,3.0,153.56,192.52,79.76,157.2,137,1838
Backup,DATA_DOMAIN,EMC Data Domain Device,200.0,40.0,1.75,12068.97,17947.65,67.25,12068.97,137,1840
DR,V7000_DEVICE,IBM V7000 Device,100.0,10.0,1.75,61.93,197.37,31.38,534.01,137,1840
DR,VMAX_DEVICE,EMC VMax Device,100.0,10.0,3.0,79.89,194.77,41.02,81.28,137,1840
Prod-iSeries,V7000_DEVICE,IBM V7000 Device,100.0,10.0,1.75,154.52,202.06,76.47,434.77,137,1840
Prod-Open,VMAX_DEVICE,EMC VMax Device,100.0,10.0,3.0,153.49,192.38,79.78,157.27,137,1840
Backup,DATA_DOMAIN,EMC Data Domain Device,200.0,40.0,1.75,12072.73,19745.8,61.14,12072.73,137,1842
DR,V7000_DEVICE,IBM V7000 Device,100.0,10.0,1.75,61.97,197.37,31.4,534.01,137,1842
DR,VMAX_DEVICE,EMC VMax Device,100.0,10.0,3.0,80.17,194.74,41.17,81.58,137,1842
Prod-iSeries,V7000_DEVICE,IBM V7000 Device,100.0,10.0,1.75,154.16,202.06,76.29,434.77,137,1842
Prod-Open,VMAX_DEVICE,EMC VMax Device,100.0,10.0,3.0,152.66,192.68,79.23,156.13,137,1842
Backup,DATA_DOMAIN,EMC Data Domain Device,200.0,40.0,1.75,12051.3,19135.11,62.98,12051.3,137,1845
DR,V7000_DEVICE,IBM V7000 Device,100.0,10.0,1.75,61.93,197.37,31.38,534.01,137,1845
DR,VMAX_DEVICE,EMC VMax Device,100.0,10.0,3.0,80.01,194.77,41.08,81.4,137,1845
Prod-iSeries,V7000_DEVICE,IBM V7000 Device,100.0,10.0,1.75,153.53,202.06,75.98,434.77,137,1845
Prod-Open,VMAX_DEVICE,EMC VMax Device,100.0,10.0,3.0,152.29,192.89,78.95,155.56,137,1845
