data_center,device_type_code,count,device_type_description,cpu_util,latency_capacity,avg_price_per_gb,ttl_used,ttl_usable,pct_used,ttl_allocated,client_id,period_id
Backend,COMPELLENT_DEVICE,2,EMC Compellent Device,200.0,10.0,3.0,590.45,639.14,92.38,590.45,188,1468
Backend,VMAX_DEVICE,1,EMC VMax Device,100.0,5.0,3.0,135.13,167.37,80.74,135.16,188,1468
Plano,SVC_DEVICE,2,IBM SVC Device,200.0,10.0,1.75,554.46,725.93,76.38,581.04,188,1468
Plano,UNITY_DEVICE,1,EMC Unity Device,100.0,10.0,1.5,25.35,45.83,55.33,25.35,188,1468
Backend,COMPELLENT_DEVICE,2,EMC Compellent Device,200.0,10.0,3.0,590.45,639.14,92.38,590.45,188,1470
Backend,VMAX_DEVICE,1,EMC VMax Device,100.0,5.0,3.0,135.13,167.37,80.74,135.16,188,1470
Plano,SVC_DEVICE,2,IBM SVC Device,200.0,10.0,1.75,554.79,725.93,76.43,581.04,188,1470
Plano,UNITY_DEVICE,1,EMC Unity Device,100.0,10.0,1.5,25.35,45.83,55.33,25.35,188,1470
Backend,COMPELLENT_DEVICE,2,EMC Compellent Device,200.0,10.0,3.0,590.45,639.14,92.38,590.45,188,1473
Backend,VMAX_DEVICE,1,EMC VMax Device,100.0,5.0,3.0,135.13,167.37,80.74,135.16,188,1473
Plano,SVC_DEVICE,2,IBM SVC Device,200.0,10.0,1.75,554.49,725.93,76.38,581.04,188,1473
Plano,UNITY_DEVICE,1,EMC Unity Device,100.0,10.0,1.5,25.35,45.83,55.33,25.35,188,1473
Backend,COMPELLENT_DEVICE,2,EMC Compellent Device,200.0,10.0,3.0,590.45,639.14,92.38,590.45,188,1475
Backend,VMAX_DEVICE,1,EMC VMax Device,100.0,5.0,3.0,135.13,167.37,80.74,135.16,188,1475
Plano,SVC_DEVICE,2,IBM SVC Device,200.0,10.0,1.75,554.49,725.92,76.38,581.04,188,1475
Plano,UNITY_DEVICE,1,EMC Unity Device,100.0,10.0,1.5,25.35,45.83,55.33,25.35,188,1475
Backend,COMPELLENT_DEVICE,2,EMC Compellent Device,200.0,10.0,3.0,590.45,639.14,92.38,590.45,188,1477
Backend,VMAX_DEVICE,1,EMC VMax Device,100.0,5.0,3.0,135.13,167.37,80.74,135.16,188,1477
Plano,SVC_DEVICE,2,IBM SVC Device,200.0,10.0,1.75,554.5,725.92,76.39,581.04,188,1477
Plano,UNITY_DEVICE,1,EMC Unity Device,100.0,10.0,1.5,25.35,45.83,55.33,25.35,188,1477
Backend,COMPELLENT_DEVICE,2,EMC Compellent Device,200.0,10.0,3.0,590.45,639.14,92.38,590.45,188,1480
Backend,VMAX_DEVICE,1,EMC VMax Device,100.0,5.0,3.0,135.13,167.37,80.74,135.16,188,1480
Plano,SVC_DEVICE,2,IBM SVC Device,200.0,10.0,1.75,554.5,725.92,76.39,581.04,188,1480
Plano,UNITY_DEVICE,1,EMC Unity Device,100.0,10.0,1.5,25.11,45.83,54.8,25.11,188,1480
Backend,COMPELLENT_DEVICE,2,EMC Compellent Device,200.0,10.0,3.0,590.45,639.14,92.38,590.45,188,1482
Backend,VMAX_DEVICE,1,EMC VMax Device,100.0,5.0,3.0,135.13,167.37,80.74,135.16,188,1482
Plano,SVC_DEVICE,2,IBM SVC Device,200.0,10.0,1.75,554.51,725.93,76.39,581.04,188,1482
Plano,UNITY_DEVICE,1,EMC Unity Device,100.0,10.0,1.5,25.11,45.83,54.8,25.11,188,1482
Backend,COMPELLENT_DEVICE,2,EMC Compellent Device,200.0,10.0,3.0,590.45,639.14,92.38,590.45,188,1484
Backend,VMAX_DEVICE,1,EMC VMax Device,100.0,5.0,3.0,135.13,167.37,80.74,135.16,188,1484
Plano,SVC_DEVICE,2,IBM SVC Device,200.0,10.0,1.75,554.5,725.93,76.38,581.04,188,1484
Plano,UNITY_DEVICE,1,EMC Unity Device,100.0,10.0,1.5,25.11,45.83,54.8,25.11,188,1484
Backend,COMPELLENT_DEVICE,2,EMC Compellent Device,200.0,10.0,3.0,590.45,639.14,92.38,590.45,188,1487
Backend,VMAX_DEVICE,1,EMC VMax Device,100.0,5.0,3.0,135.13,167.37,80.74,135.16,188,1487
Plano,SVC_DEVICE,2,IBM SVC Device,200.0,10.0,1.75,554.51,725.93,76.39,581.04,188,1487
Plano,UNITY_DEVICE,1,EMC Unity Device,100.0,10.0,1.5,25.11,45.83,54.8,25.11,188,1487
Backend,COMPELLENT_DEVICE,2,EMC Compellent Device,200.0,10.0,3.0,590.45,639.14,92.38,590.45,188,1489
Backend,VMAX_DEVICE,1,EMC VMax Device,100.0,5.0,3.0,135.13,167.37,80.74,135.16,188,1489
Plano,SVC_DEVICE,2,IBM SVC Device,200.0,10.0,1.75,554.52,725.93,76.39,581.04,188,1489
Plano,UNITY_DEVICE,1,EMC Unity Device,100.0,10.0,1.5,25.35,45.83,55.33,25.35,188,1489
Backend,COMPELLENT_DEVICE,2,EMC Compellent Device,200.0,10.0,3.0,590.45,639.14,92.38,590.45,188,1491
Backend,VMAX_DEVICE,1,EMC VMax Device,100.0,5.0,3.0,135.13,167.37,80.74,135.16,188,1491
Plano,SVC_DEVICE,2,IBM SVC Device,200.0,10.0,1.75,554.6,725.92,76.4,581.04,188,1491
Plano,UNITY_DEVICE,1,EMC Unity Device,100.0,10.0,1.5,25.35,45.83,55.33,25.35,188,1491
Backend,COMPELLENT_DEVICE,2,EMC Compellent Device,200.0,10.0,3.0,590.45,639.14,92.38,590.45,188,1494
Backend,VMAX_DEVICE,1,EMC VMax Device,100.0,5.0,3.0,135.13,167.37,80.74,135.16,188,1494
Plano,SVC_DEVICE,2,IBM SVC Device,200.0,10.0,1.75,554.69,725.93,76.41,581.04,188,1494
Plano,UNITY_DEVICE,1,EMC Unity Device,100.0,10.0,1.5,25.13,45.83,54.82,25.13,188,1494
Plano,UNITY_DEVICE,1,EMC Unity Device,100.0,10.0,1.5,25.14,41.06,61.23,30.56,188,1495
Backend,COMPELLENT_DEVICE,1,EMC Compellent Device,100.0,5.0,3.0,307.2,343.33,89.48,307.2,188,1496
Backend,VMAX_DEVICE,1,EMC VMax Device,100.0,5.0,3.0,135.13,167.37,80.74,135.16,188,1496
Plano,SVC_DEVICE,2,IBM SVC Device,200.0,10.0,1.75,554.72,725.93,76.42,581.04,188,1496
Plano,UNITY_DEVICE,1,EMC Unity Device,100.0,10.0,1.5,25.12,45.83,54.82,25.12,188,1496
Backend,COMPELLENT_DEVICE,2,EMC Compellent Device,200.0,10.0,3.0,590.45,639.14,92.38,590.45,188,1498
Backend,VMAX_DEVICE,1,EMC VMax Device,100.0,5.0,3.0,135.13,167.37,80.74,135.16,188,1498
Plano,SVC_DEVICE,2,IBM SVC Device,200.0,10.0,1.75,554.98,725.93,76.45,581.04,188,1498
Plano,UNITY_DEVICE,1,EMC Unity Device,100.0,10.0,1.5,25.24,45.83,55.07,25.24,188,1498
Backend,COMPELLENT_DEVICE,2,EMC Compellent Device,200.0,10.0,3.0,590.45,639.14,92.38,590.45,188,1501
Backend,VMAX_DEVICE,1,EMC VMax Device,100.0,5.0,3.0,135.13,167.37,80.74,135.16,188,1501
Plano,SVC_DEVICE,2,IBM SVC Device,200.0,10.0,1.75,554.72,725.93,76.42,581.04,188,1501
Plano,UNITY_DEVICE,1,EMC Unity Device,100.0,10.0,1.5,25.12,45.83,54.82,25.12,188,1501
Plano,UNITY_DEVICE,1,EMC Unity Device,100.0,10.0,1.5,25.14,41.06,61.23,30.56,188,1502
Backend,COMPELLENT_DEVICE,2,EMC Compellent Device,200.0,10.0,3.0,590.45,639.14,92.38,590.45,188,1503
Backend,VMAX_DEVICE,1,EMC VMax Device,100.0,5.0,3.0,135.13,167.37,80.74,135.16,188,1503
Plano,SVC_DEVICE,2,IBM SVC Device,200.0,10.0,1.75,554.71,725.93,76.41,581.04,188,1503
Plano,UNITY_DEVICE,1,EMC Unity Device,100.0,10.0,1.5,25.12,45.83,54.82,25.12,188,1503
Backend,COMPELLENT_DEVICE,2,EMC Compellent Device,200.0,10.0,3.0,590.45,639.14,92.38,590.45,188,1505
Backend,VMAX_DEVICE,1,EMC VMax Device,100.0,5.0,3.0,135.13,167.37,80.74,135.16,188,1505
Plano,SVC_DEVICE,2,IBM SVC Device,200.0,10.0,1.75,555.1,725.94,76.47,581.04,188,1505
Plano,UNITY_DEVICE,1,EMC Unity Device,100.0,10.0,1.5,25.12,45.83,54.82,25.12,188,1505
Backend,COMPELLENT_DEVICE,2,EMC Compellent Device,200.0,10.0,3.0,590.45,639.14,92.38,590.45,188,1508
Backend,VMAX_DEVICE,1,EMC VMax Device,100.0,5.0,3.0,135.13,167.37,80.74,135.16,188,1508
Plano,SVC_DEVICE,2,IBM SVC Device,200.0,10.0,1.75,555.02,725.93,76.46,581.04,188,1508
Plano,UNITY_DEVICE,1,EMC Unity Device,100.0,10.0,1.5,25.12,45.83,54.82,25.12,188,1508
Plano,UNITY_DEVICE,1,EMC Unity Device,100.0,10.0,1.5,25.14,41.06,61.23,30.56,188,1509
Backend,COMPELLENT_DEVICE,2,EMC Compellent Device,200.0,10.0,3.0,590.45,639.14,92.38,590.45,188,1510
Backend,VMAX_DEVICE,1,EMC VMax Device,100.0,5.0,3.0,135.13,167.37,80.74,135.16,188,1510
Plano,SVC_DEVICE,2,IBM SVC Device,200.0,10.0,1.75,555.17,725.93,76.48,581.04,188,1510
Plano,UNITY_DEVICE,1,EMC Unity Device,100.0,10.0,1.5,25.12,45.83,54.82,25.12,188,1510
Backend,COMPELLENT_DEVICE,2,EMC Compellent Device,200.0,10.0,3.0,590.45,639.14,92.38,590.45,188,1512
Backend,VMAX_DEVICE,1,EMC VMax Device,100.0,5.0,3.0,135.13,167.37,80.74,135.16,188,1512
Plano,SVC_DEVICE,2,IBM SVC Device,200.0,10.0,1.75,554.8,725.93,76.43,581.04,188,1512
Plano,UNITY_DEVICE,1,EMC Unity Device,100.0,10.0,1.5,25.12,45.83,54.82,25.12,188,1512
Backend,COMPELLENT_DEVICE,2,EMC Compellent Device,200.0,10.0,3.0,590.45,639.14,92.38,590.45,188,1515
Backend,VMAX_DEVICE,1,EMC VMax Device,100.0,5.0,3.0,135.13,167.37,80.74,135.16,188,1515
Plano,SVC_DEVICE,2,IBM SVC Device,200.0,10.0,1.75,555.03,725.93,76.46,581.04,188,1515
Plano,UNITY_DEVICE,1,EMC Unity Device,100.0,10.0,1.5,25.14,41.06,61.23,30.56,188,1515
Backend,COMPELLENT_DEVICE,2,EMC Compellent Device,200.0,10.0,3.0,590.45,639.14,92.38,590.45,188,1517
Backend,VMAX_DEVICE,1,EMC VMax Device,100.0,5.0,3.0,135.13,167.37,80.74,135.16,188,1517
Plano,SVC_DEVICE,2,IBM SVC Device,200.0,10.0,1.75,554.78,725.93,76.42,581.04,188,1517
Backend,COMPELLENT_DEVICE,2,EMC Compellent Device,200.0,10.0,3.0,590.45,639.14,92.38,590.45,188,1519
Plano,SVC_DEVICE,2,IBM SVC Device,200.0,10.0,1.75,548.03,725.93,75.49,574.9,188,1519
Backend,COMPELLENT_DEVICE,2,EMC Compellent Device,200.0,10.0,3.0,590.45,639.14,92.38,590.45,188,1522
Backend,VMAX_DEVICE,1,EMC VMax Device,100.0,5.0,3.0,135.13,167.37,80.74,135.16,188,1522
Plano,SVC_DEVICE,2,IBM SVC Device,200.0,10.0,1.75,528.55,725.57,72.85,555.37,188,1522
Plano,UNITY_DEVICE,1,EMC Unity Device,100.0,10.0,1.5,25.14,41.06,61.23,30.56,188,1522
Backend,COMPELLENT_DEVICE,2,EMC Compellent Device,200.0,10.0,3.0,590.45,639.14,92.38,590.45,188,1524
Backend,VMAX_DEVICE,1,EMC VMax Device,100.0,5.0,3.0,135.13,167.37,80.74,135.16,188,1524
Plano,SVC_DEVICE,2,IBM SVC Device,200.0,10.0,1.75,528.58,725.93,72.81,555.37,188,1524
Backend,COMPELLENT_DEVICE,2,EMC Compellent Device,200.0,10.0,3.0,590.45,639.14,92.38,590.45,188,1526
Backend,VMAX_DEVICE,1,EMC VMax Device,100.0,5.0,3.0,135.13,167.37,80.74,135.16,188,1526
Plano,SVC_DEVICE,2,IBM SVC Device,200.0,10.0,1.75,528.88,725.94,72.85,555.37,188,1526
Backend,COMPELLENT_DEVICE,2,EMC Compellent Device,200.0,10.0,3.0,590.45,639.14,92.38,590.45,188,1529
Backend,VMAX_DEVICE,1,EMC VMax Device,100.0,5.0,3.0,135.13,167.37,80.74,135.16,188,1529
Plano,SVC_DEVICE,2,IBM SVC Device,200.0,10.0,1.75,528.64,725.92,72.82,555.37,188,1529
Backend,COMPELLENT_DEVICE,2,EMC Compellent Device,200.0,10.0,3.0,590.45,639.14,92.38,590.45,188,1531
Backend,VMAX_DEVICE,1,EMC VMax Device,100.0,5.0,3.0,135.13,167.37,80.74,135.16,188,1531
Plano,SVC_DEVICE,2,IBM SVC Device,200.0,10.0,1.75,528.66,725.93,72.83,555.37,188,1531
Plano,UNITY_DEVICE,1,EMC Unity Device,100.0,10.0,1.5,25.12,45.83,54.82,25.12,188,1531
Backend,COMPELLENT_DEVICE,2,EMC Compellent Device,200.0,10.0,3.0,590.45,639.14,92.38,590.45,188,1533
Backend,VMAX_DEVICE,1,EMC VMax Device,100.0,5.0,3.0,135.13,167.37,80.74,135.16,188,1533
Plano,SVC_DEVICE,2,IBM SVC Device,200.0,10.0,1.75,528.9,725.93,72.86,555.37,188,1533
Plano,UNITY_DEVICE,1,EMC Unity Device,100.0,10.0,1.5,25.12,45.83,54.82,25.12,188,1533
Backend,COMPELLENT_DEVICE,2,EMC Compellent Device,200.0,10.0,3.0,590.45,639.14,92.38,590.45,188,1536
Backend,VMAX_DEVICE,1,EMC VMax Device,100.0,5.0,3.0,135.13,167.37,80.74,135.16,188,1536
Plano,SVC_DEVICE,2,IBM SVC Device,200.0,10.0,1.75,528.7,725.93,72.83,555.37,188,1536
Plano,UNITY_DEVICE,1,EMC Unity Device,100.0,10.0,1.5,25.12,45.83,54.82,25.12,188,1536
Backend,COMPELLENT_DEVICE,2,EMC Compellent Device,200.0,10.0,3.0,590.45,639.14,92.38,590.45,188,1538
Backend,VMAX_DEVICE,1,EMC VMax Device,100.0,5.0,3.0,135.13,167.37,80.74,135.16,188,1538
Plano,SVC_DEVICE,2,IBM SVC Device,200.0,10.0,1.75,528.69,725.92,72.83,555.37,188,1538
Plano,UNITY_DEVICE,1,EMC Unity Device,100.0,10.0,1.5,25.12,45.83,54.82,25.12,188,1538
Backend,COMPELLENT_DEVICE,2,EMC Compellent Device,200.0,10.0,3.0,590.45,639.14,92.38,590.45,188,1540
Backend,VMAX_DEVICE,1,EMC VMax Device,100.0,5.0,3.0,135.13,167.37,80.74,135.16,188,1540
Plano,SVC_DEVICE,2,IBM SVC Device,200.0,10.0,1.75,528.92,725.92,72.86,555.37,188,1540
Plano,UNITY_DEVICE,1,EMC Unity Device,100.0,10.0,1.5,25.12,45.83,54.82,25.12,188,1540
Backend,COMPELLENT_DEVICE,2,EMC Compellent Device,200.0,10.0,3.0,590.45,639.14,92.38,590.45,188,1543
Backend,VMAX_DEVICE,1,EMC VMax Device,100.0,5.0,3.0,135.13,167.37,80.74,135.16,188,1543
Plano,SVC_DEVICE,2,IBM SVC Device,200.0,10.0,1.75,528.73,725.92,72.83,555.37,188,1543
Plano,UNITY_DEVICE,1,EMC Unity Device,100.0,10.0,1.5,25.12,45.83,54.82,25.12,188,1543
Backend,COMPELLENT_DEVICE,2,EMC Compellent Device,200.0,10.0,3.0,590.45,639.14,92.38,590.45,188,1545
Backend,VMAX_DEVICE,1,EMC VMax Device,100.0,5.0,3.0,135.13,167.37,80.74,135.16,188,1545
Plano,SVC_DEVICE,2,IBM SVC Device,200.0,10.0,1.75,528.71,725.92,72.83,555.37,188,1545
Plano,UNITY_DEVICE,1,EMC Unity Device,100.0,10.0,1.5,25.12,45.83,54.82,25.12,188,1545
Backend,COMPELLENT_DEVICE,2,EMC Compellent Device,200.0,10.0,3.0,590.45,639.14,92.38,590.45,188,1547
Backend,VMAX_DEVICE,1,EMC VMax Device,100.0,5.0,3.0,135.13,167.37,80.74,135.16,188,1547
Plano,SVC_DEVICE,2,IBM SVC Device,200.0,10.0,1.75,528.95,725.92,72.87,555.37,188,1547
Plano,UNITY_DEVICE,1,EMC Unity Device,100.0,10.0,1.5,25.12,45.83,54.82,25.12,188,1547
Backend,COMPELLENT_DEVICE,2,EMC Compellent Device,200.0,10.0,3.0,590.45,639.14,92.38,590.45,188,1550
Backend,VMAX_DEVICE,1,EMC VMax Device,100.0,5.0,3.0,135.13,167.37,80.74,135.16,188,1550
Plano,SVC_DEVICE,2,IBM SVC Device,200.0,10.0,1.75,528.75,725.93,72.84,555.37,188,1550
Plano,UNITY_DEVICE,1,EMC Unity Device,100.0,10.0,1.5,25.14,41.06,61.23,30.56,188,1550
Backend,COMPELLENT_DEVICE,2,EMC Compellent Device,200.0,10.0,3.0,590.45,639.14,92.38,590.45,188,1552
Backend,VMAX_DEVICE,1,EMC VMax Device,100.0,5.0,3.0,135.13,167.37,80.74,135.16,188,1552
Plano,SVC_DEVICE,2,IBM SVC Device,200.0,10.0,1.75,529.06,725.93,72.88,555.37,188,1552
Plano,UNITY_DEVICE,1,EMC Unity Device,100.0,10.0,1.5,25.12,45.83,54.82,25.12,188,1552
Backend,COMPELLENT_DEVICE,2,EMC Compellent Device,200.0,10.0,3.0,590.45,639.14,92.38,590.45,188,1554
Plano,SVC_DEVICE,2,IBM SVC Device,200.0,10.0,1.75,529.0,725.93,72.87,555.37,188,1554
Plano,UNITY_DEVICE,1,EMC Unity Device,100.0,10.0,1.5,25.12,45.83,54.82,25.12,188,1554
Backend,COMPELLENT_DEVICE,2,EMC Compellent Device,200.0,10.0,3.0,590.45,639.14,92.38,590.45,188,1557
Backend,VMAX_DEVICE,1,EMC VMax Device,100.0,5.0,3.0,135.13,167.37,80.74,135.16,188,1557
Plano,SVC_DEVICE,2,IBM SVC Device,200.0,10.0,1.75,528.83,725.93,72.85,555.37,188,1557
Plano,UNITY_DEVICE,1,EMC Unity Device,100.0,10.0,1.5,25.12,45.83,54.82,25.12,188,1557
Backend,COMPELLENT_DEVICE,2,EMC Compellent Device,200.0,10.0,3.0,590.45,639.14,92.38,590.45,188,1559
Backend,VMAX_DEVICE,1,EMC VMax Device,100.0,5.0,3.0,135.13,167.37,80.74,135.16,188,1559
Plano,SVC_DEVICE,2,IBM SVC Device,200.0,10.0,1.75,528.83,725.93,72.85,555.37,188,1559
Plano,UNITY_DEVICE,1,EMC Unity Device,100.0,10.0,1.5,25.12,45.83,54.82,25.12,188,1559
Backend,COMPELLENT_DEVICE,2,EMC Compellent Device,200.0,10.0,3.0,590.45,639.14,92.38,590.45,188,1561
Backend,VMAX_DEVICE,1,EMC VMax Device,100.0,5.0,3.0,135.13,167.37,80.74,135.16,188,1561
Plano,SVC_DEVICE,2,IBM SVC Device,200.0,10.0,1.75,529.29,725.94,72.91,555.37,188,1561
Plano,UNITY_DEVICE,1,EMC Unity Device,100.0,10.0,1.5,25.12,45.83,54.82,25.12,188,1561
Backend,COMPELLENT_DEVICE,2,EMC Compellent Device,200.0,10.0,3.0,590.45,639.14,92.38,590.45,188,1564
Backend,VMAX_DEVICE,1,EMC VMax Device,100.0,5.0,3.0,135.13,167.37,80.74,135.16,188,1564
Plano,SVC_DEVICE,2,IBM SVC Device,200.0,10.0,1.75,530.19,725.93,73.04,556.12,188,1564
Plano,UNITY_DEVICE,1,EMC Unity Device,100.0,10.0,1.5,25.12,45.83,54.82,25.12,188,1564
Backend,COMPELLENT_DEVICE,2,EMC Compellent Device,200.0,10.0,3.0,590.45,639.14,92.38,590.45,188,1566
Backend,VMAX_DEVICE,1,EMC VMax Device,100.0,5.0,3.0,135.13,167.37,80.74,135.16,188,1566
Plano,SVC_DEVICE,2,IBM SVC Device,200.0,10.0,1.75,530.21,725.93,73.04,556.12,188,1566
Plano,UNITY_DEVICE,1,EMC Unity Device,100.0,10.0,1.5,25.12,45.83,54.82,25.12,188,1566
Backend,COMPELLENT_DEVICE,2,EMC Compellent Device,200.0,10.0,3.0,590.45,639.14,92.38,590.45,188,1568
Backend,VMAX_DEVICE,1,EMC VMax Device,100.0,5.0,3.0,135.13,167.37,80.74,135.16,188,1568
Plano,SVC_DEVICE,2,IBM SVC Device,200.0,10.0,1.75,530.55,725.94,73.08,556.12,188,1568
Plano,UNITY_DEVICE,1,EMC Unity Device,100.0,10.0,1.5,25.12,41.06,61.19,30.86,188,1568
Backend,COMPELLENT_DEVICE,2,EMC Compellent Device,200.0,10.0,3.0,590.45,639.14,92.38,590.45,188,1571
Backend,VMAX_DEVICE,1,EMC VMax Device,100.0,5.0,3.0,135.13,167.37,80.74,135.16,188,1571
Plano,SVC_DEVICE,2,IBM SVC Device,200.0,10.0,1.75,532.18,725.93,73.31,558.5,188,1571
Plano,UNITY_DEVICE,1,EMC Unity Device,100.0,10.0,1.5,25.12,41.06,61.19,30.86,188,1571
Backend,COMPELLENT_DEVICE,2,EMC Compellent Device,200.0,10.0,3.0,590.45,639.14,92.38,590.45,188,1573
Backend,VMAX_DEVICE,1,EMC VMax Device,100.0,5.0,3.0,135.13,167.37,80.74,135.16,188,1573
Plano,SVC_DEVICE,2,IBM SVC Device,200.0,10.0,1.75,532.18,725.93,73.31,558.5,188,1573
Plano,UNITY_DEVICE,1,EMC Unity Device,100.0,10.0,1.5,25.12,41.06,61.19,30.86,188,1573
Backend,COMPELLENT_DEVICE,2,EMC Compellent Device,200.0,10.0,3.0,590.45,639.14,92.38,590.45,188,1575
Backend,VMAX_DEVICE,1,EMC VMax Device,100.0,5.0,3.0,135.13,167.37,80.74,135.16,188,1575
Plano,SVC_DEVICE,2,IBM SVC Device,200.0,10.0,1.75,532.72,725.93,73.38,559.2,188,1575
Plano,UNITY_DEVICE,1,EMC Unity Device,100.0,10.0,1.5,25.12,41.06,61.19,30.86,188,1575
Backend,COMPELLENT_DEVICE,2,EMC Compellent Device,200.0,10.0,3.0,590.45,639.14,92.38,590.45,188,1578
Backend,VMAX_DEVICE,1,EMC VMax Device,100.0,5.0,3.0,135.13,167.37,80.74,135.16,188,1578
Plano,SVC_DEVICE,2,IBM SVC Device,200.0,10.0,1.75,532.77,725.93,73.39,559.5,188,1578
Plano,UNITY_DEVICE,1,EMC Unity Device,100.0,10.0,1.5,25.22,41.06,61.43,30.56,188,1578
Backend,COMPELLENT_DEVICE,2,EMC Compellent Device,200.0,10.0,3.0,590.45,639.14,92.38,590.45,188,1580
Backend,VMAX_DEVICE,1,EMC VMax Device,100.0,5.0,3.0,135.13,167.37,80.74,135.16,188,1580
Plano,SVC_DEVICE,2,IBM SVC Device,200.0,10.0,1.75,532.81,725.93,73.4,559.5,188,1580
Plano,UNITY_DEVICE,1,EMC Unity Device,100.0,10.0,1.5,25.14,41.06,61.23,30.56,188,1580
Backend,COMPELLENT_DEVICE,2,EMC Compellent Device,200.0,10.0,3.0,590.45,639.14,92.38,590.45,188,1582
Backend,VMAX_DEVICE,1,EMC VMax Device,100.0,5.0,3.0,135.13,167.37,80.74,135.16,188,1582
Plano,SVC_DEVICE,2,IBM SVC Device,200.0,10.0,1.75,533.22,725.94,73.45,559.5,188,1582
Plano,UNITY_DEVICE,1,EMC Unity Device,100.0,10.0,1.5,25.14,41.06,61.23,30.56,188,1582
Backend,COMPELLENT_DEVICE,2,EMC Compellent Device,200.0,10.0,3.0,590.45,639.14,92.38,590.45,188,1585
Backend,VMAX_DEVICE,1,EMC VMax Device,100.0,5.0,3.0,135.13,167.37,80.74,135.16,188,1585
Plano,SVC_DEVICE,2,IBM SVC Device,200.0,10.0,1.75,532.99,725.93,73.42,559.65,188,1585
Plano,UNITY_DEVICE,1,EMC Unity Device,100.0,10.0,1.5,25.14,41.06,61.23,30.56,188,1585
Backend,COMPELLENT_DEVICE,2,EMC Compellent Device,200.0,10.0,3.0,590.45,639.14,92.38,590.45,188,1587
Backend,VMAX_DEVICE,1,EMC VMax Device,100.0,5.0,3.0,135.13,167.37,80.74,135.16,188,1587
Plano,SVC_DEVICE,2,IBM SVC Device,200.0,10.0,1.75,533.0,725.93,73.42,559.65,188,1587
Plano,UNITY_DEVICE,1,EMC Unity Device,100.0,10.0,1.5,25.14,41.06,61.23,30.56,188,1587
Backend,COMPELLENT_DEVICE,2,EMC Compellent Device,200.0,10.0,3.0,590.45,639.14,92.38,590.45,188,1589
Backend,VMAX_DEVICE,1,EMC VMax Device,100.0,5.0,3.0,135.13,167.37,80.74,135.16,188,1589
Plano,SVC_DEVICE,2,IBM SVC Device,200.0,10.0,1.75,533.35,725.93,73.47,559.66,188,1589
Plano,UNITY_DEVICE,1,EMC Unity Device,100.0,10.0,1.5,25.14,41.06,61.23,30.56,188,1589
Backend,COMPELLENT_DEVICE,2,EMC Compellent Device,200.0,10.0,3.0,590.45,639.14,92.38,590.45,188,1592
Backend,VMAX_DEVICE,1,EMC VMax Device,100.0,5.0,3.0,135.13,167.37,80.74,135.16,188,1592
Plano,SVC_DEVICE,2,IBM SVC Device,200.0,10.0,1.75,533.01,725.93,73.42,559.66,188,1592
Plano,UNITY_DEVICE,1,EMC Unity Device,100.0,10.0,1.5,25.14,41.06,61.23,30.56,188,1592
Backend,COMPELLENT_DEVICE,2,EMC Compellent Device,200.0,10.0,3.0,590.45,639.14,92.38,590.45,188,1594
Backend,VMAX_DEVICE,1,EMC VMax Device,100.0,5.0,3.0,135.13,167.37,80.74,135.16,188,1594
Plano,SVC_DEVICE,2,IBM SVC Device,200.0,10.0,1.75,533.06,725.93,73.43,559.66,188,1594
Plano,UNITY_DEVICE,1,EMC Unity Device,100.0,10.0,1.5,25.14,41.06,61.23,30.56,188,1594
Backend,COMPELLENT_DEVICE,2,EMC Compellent Device,200.0,10.0,3.0,590.45,639.14,92.38,590.45,188,1596
Backend,VMAX_DEVICE,1,EMC VMax Device,100.0,5.0,3.0,135.13,167.37,80.74,135.16,188,1596
Plano,SVC_DEVICE,2,IBM SVC Device,200.0,10.0,1.75,533.46,725.94,73.49,559.66,188,1596
Plano,UNITY_DEVICE,1,EMC Unity Device,100.0,10.0,1.5,25.14,41.06,61.23,30.56,188,1596
Backend,COMPELLENT_DEVICE,2,EMC Compellent Device,200.0,10.0,3.0,590.45,639.14,92.38,590.45,188,1599
Backend,VMAX_DEVICE,1,EMC VMax Device,100.0,5.0,3.0,135.13,167.37,80.74,135.16,188,1599
Plano,SVC_DEVICE,2,IBM SVC Device,200.0,10.0,1.75,533.7,725.93,73.52,560.26,188,1599
Plano,UNITY_DEVICE,1,EMC Unity Device,100.0,10.0,1.5,25.14,41.06,61.23,30.56,188,1599
Backend,COMPELLENT_DEVICE,2,EMC Compellent Device,200.0,10.0,3.0,590.45,639.14,92.38,590.45,188,1601
Backend,VMAX_DEVICE,1,EMC VMax Device,100.0,5.0,3.0,135.13,167.37,80.74,135.16,188,1601
Plano,SVC_DEVICE,2,IBM SVC Device,200.0,10.0,1.75,533.64,725.92,73.51,560.26,188,1601
Plano,UNITY_DEVICE,1,EMC Unity Device,100.0,10.0,1.5,25.14,41.06,61.23,30.56,188,1601
Backend,COMPELLENT_DEVICE,2,EMC Compellent Device,200.0,10.0,3.0,590.45,639.14,92.38,590.45,188,1603
Backend,VMAX_DEVICE,1,EMC VMax Device,100.0,5.0,3.0,135.13,167.37,80.74,135.16,188,1603
Plano,SVC_DEVICE,2,IBM SVC Device,200.0,10.0,1.75,534.02,725.92,73.56,560.26,188,1603
Plano,UNITY_DEVICE,1,EMC Unity Device,100.0,10.0,1.5,25.14,41.06,61.23,30.56,188,1603
Backend,COMPELLENT_DEVICE,2,EMC Compellent Device,200.0,10.0,3.0,590.45,639.14,92.38,590.45,188,1606
Backend,VMAX_DEVICE,1,EMC VMax Device,100.0,5.0,3.0,135.13,167.37,80.74,135.16,188,1606
Plano,SVC_DEVICE,2,IBM SVC Device,200.0,10.0,1.75,533.69,725.92,73.52,560.26,188,1606
Plano,UNITY_DEVICE,1,EMC Unity Device,100.0,10.0,1.5,25.14,41.06,61.23,30.56,188,1606
Backend,COMPELLENT_DEVICE,2,EMC Compellent Device,200.0,10.0,3.0,590.45,639.14,92.38,590.45,188,1608
Backend,VMAX_DEVICE,1,EMC VMax Device,100.0,5.0,3.0,135.13,167.37,80.74,135.16,188,1608
Plano,SVC_DEVICE,2,IBM SVC Device,200.0,10.0,1.75,533.74,725.92,73.53,560.26,188,1608
Plano,UNITY_DEVICE,1,EMC Unity Device,100.0,10.0,1.5,25.14,41.06,61.23,30.56,188,1608
Backend,COMPELLENT_DEVICE,2,EMC Compellent Device,200.0,10.0,3.0,590.45,639.14,92.38,590.45,188,1610
Backend,VMAX_DEVICE,1,EMC VMax Device,100.0,5.0,3.0,135.13,167.37,80.74,135.16,188,1610
Plano,SVC_DEVICE,2,IBM SVC Device,200.0,10.0,1.75,533.76,725.92,73.53,560.26,188,1610
Plano,UNITY_DEVICE,1,EMC Unity Device,100.0,10.0,1.5,25.14,41.06,61.23,30.56,188,1610
Backend,COMPELLENT_DEVICE,2,EMC Compellent Device,200.0,10.0,3.0,590.45,639.14,92.38,590.45,188,1613
Backend,VMAX_DEVICE,1,EMC VMax Device,100.0,5.0,3.0,135.13,167.37,80.74,135.16,188,1613
Plano,SVC_DEVICE,2,IBM SVC Device,200.0,10.0,1.75,533.86,725.92,73.54,560.26,188,1613
Plano,UNITY_DEVICE,1,EMC Unity Device,100.0,10.0,1.5,25.14,41.06,61.23,30.56,188,1613
Backend,COMPELLENT_DEVICE,2,EMC Compellent Device,200.0,10.0,3.0,590.45,639.14,92.38,590.45,188,1615
Backend,VMAX_DEVICE,1,EMC VMax Device,100.0,5.0,3.0,135.13,167.37,80.74,135.16,188,1615
Plano,SVC_DEVICE,2,IBM SVC Device,200.0,10.0,1.75,533.76,725.92,73.53,560.26,188,1615
Plano,UNITY_DEVICE,1,EMC Unity Device,100.0,10.0,1.5,25.14,41.06,61.23,30.56,188,1615
Backend,COMPELLENT_DEVICE,2,EMC Compellent Device,200.0,10.0,3.0,590.45,639.14,92.38,590.45,188,1617
Backend,VMAX_DEVICE,1,EMC VMax Device,100.0,5.0,3.0,135.13,167.37,80.74,135.16,188,1617
Plano,SVC_DEVICE,2,IBM SVC Device,200.0,10.0,1.75,534.06,725.92,73.57,560.26,188,1617
Plano,UNITY_DEVICE,1,EMC Unity Device,100.0,10.0,1.5,25.14,41.06,61.23,30.56,188,1617
Backend,COMPELLENT_DEVICE,2,EMC Compellent Device,200.0,10.0,3.0,590.45,639.14,92.38,590.45,188,1620
Backend,VMAX_DEVICE,1,EMC VMax Device,100.0,5.0,3.0,135.13,167.37,80.74,135.16,188,1620
Plano,SVC_DEVICE,2,IBM SVC Device,200.0,10.0,1.75,534.09,725.92,73.57,560.57,188,1620
Plano,UNITY_DEVICE,1,EMC Unity Device,100.0,10.0,1.5,25.14,41.06,61.23,30.56,188,1620
Backend,COMPELLENT_DEVICE,2,EMC Compellent Device,200.0,10.0,3.0,590.45,639.14,92.38,590.45,188,1622
Backend,VMAX_DEVICE,1,EMC VMax Device,100.0,5.0,3.0,135.13,167.37,80.74,135.16,188,1622
Plano,SVC_DEVICE,3,IBM SVC Device,300.0,15.0,1.75,567.16,778.15,72.89,618.08,188,1622
Plano,UNITY_DEVICE,1,EMC Unity Device,100.0,10.0,1.5,25.14,41.06,61.23,30.56,188,1622
Backend,COMPELLENT_DEVICE,2,EMC Compellent Device,200.0,10.0,3.0,590.45,639.14,92.38,590.45,188,1624
Backend,VMAX_DEVICE,1,EMC VMax Device,100.0,5.0,3.0,135.13,167.37,80.74,135.16,188,1624
Plano,SVC_DEVICE,2,IBM SVC Device,200.0,10.0,1.75,530.55,725.92,73.09,556.97,188,1624
Plano,UNITY_DEVICE,1,EMC Unity Device,100.0,10.0,1.5,25.14,41.06,61.23,30.56,188,1624
Backend,COMPELLENT_DEVICE,2,EMC Compellent Device,200.0,10.0,3.0,590.45,639.14,92.38,590.45,188,1627
Backend,VMAX_DEVICE,1,EMC VMax Device,100.0,5.0,3.0,135.13,167.37,80.74,135.16,188,1627
Plano,SVC_DEVICE,2,IBM SVC Device,200.0,10.0,1.75,531.06,725.92,73.16,556.97,188,1627
Plano,UNITY_DEVICE,1,EMC Unity Device,100.0,10.0,1.5,25.14,41.06,61.23,30.56,188,1627
Backend,COMPELLENT_DEVICE,2,EMC Compellent Device,200.0,10.0,3.0,590.45,639.14,92.38,590.45,188,1629
Backend,VMAX_DEVICE,1,EMC VMax Device,100.0,5.0,3.0,135.13,167.37,80.74,135.16,188,1629
Plano,SVC_DEVICE,2,IBM SVC Device,200.0,10.0,1.75,531.08,725.92,73.16,556.97,188,1629
Plano,UNITY_DEVICE,1,EMC Unity Device,100.0,10.0,1.5,25.14,41.06,61.23,30.56,188,1629
Backend,COMPELLENT_DEVICE,2,EMC Compellent Device,200.0,10.0,3.0,590.55,639.14,92.4,590.55,188,1631
Backend,VMAX_DEVICE,1,EMC VMax Device,100.0,5.0,3.0,135.13,167.37,80.74,135.16,188,1631
Plano,SVC_DEVICE,2,IBM SVC Device,200.0,10.0,1.75,481.52,725.92,66.33,507.01,188,1631
Plano,UNITY_DEVICE,1,EMC Unity Device,100.0,10.0,1.5,25.14,41.06,61.23,30.56,188,1631
Backend,COMPELLENT_DEVICE,2,EMC Compellent Device,200.0,10.0,3.0,590.55,639.14,92.4,590.55,188,1634
Backend,VMAX_DEVICE,1,EMC VMax Device,100.0,5.0,3.0,135.13,167.37,80.74,135.16,188,1634
Plano,SVC_DEVICE,2,IBM SVC Device,200.0,10.0,1.75,481.07,725.92,66.27,508.44,188,1634
Plano,UNITY_DEVICE,1,EMC Unity Device,100.0,10.0,1.5,25.14,41.06,61.23,30.56,188,1634
Backend,COMPELLENT_DEVICE,2,EMC Compellent Device,200.0,10.0,3.0,590.55,639.14,92.4,590.55,188,1636
Backend,VMAX_DEVICE,1,EMC VMax Device,100.0,5.0,3.0,135.13,167.37,80.74,135.16,188,1636
Plano,SVC_DEVICE,2,IBM SVC Device,200.0,10.0,1.75,481.11,725.92,66.28,508.44,188,1636
Plano,UNITY_DEVICE,1,EMC Unity Device,100.0,10.0,1.5,25.14,41.06,61.23,30.56,188,1636
Backend,COMPELLENT_DEVICE,2,EMC Compellent Device,200.0,10.0,3.0,590.55,639.14,92.4,590.55,188,1638
Backend,VMAX_DEVICE,1,EMC VMax Device,100.0,5.0,3.0,135.13,167.37,80.74,135.16,188,1638
Plano,SVC_DEVICE,2,IBM SVC Device,200.0,10.0,1.75,481.4,725.92,66.32,508.44,188,1638
Plano,UNITY_DEVICE,1,EMC Unity Device,100.0,10.0,1.5,25.14,41.06,61.23,30.56,188,1638
Backend,COMPELLENT_DEVICE,2,EMC Compellent Device,200.0,10.0,3.0,590.55,639.14,92.4,590.55,188,1641
Backend,VMAX_DEVICE,1,EMC VMax Device,100.0,5.0,3.0,135.13,167.37,80.74,135.16,188,1641
Plano,SVC_DEVICE,2,IBM SVC Device,200.0,10.0,1.75,481.08,725.92,66.27,508.44,188,1641
Plano,UNITY_DEVICE,1,EMC Unity Device,100.0,10.0,1.5,25.14,41.06,61.23,30.56,188,1641
Backend,COMPELLENT_DEVICE,2,EMC Compellent Device,200.0,10.0,3.0,590.55,639.14,92.4,590.55,188,1643
Backend,VMAX_DEVICE,1,EMC VMax Device,100.0,5.0,3.0,135.13,167.37,80.74,135.16,188,1643
Plano,SVC_DEVICE,2,IBM SVC Device,200.0,10.0,1.75,481.25,725.92,66.3,508.44,188,1643
Plano,UNITY_DEVICE,1,EMC Unity Device,100.0,10.0,1.5,25.14,41.06,61.23,30.56,188,1643
Backend,COMPELLENT_DEVICE,2,EMC Compellent Device,200.0,10.0,3.0,590.55,639.14,92.4,590.55,188,1645
Backend,VMAX_DEVICE,1,EMC VMax Device,100.0,5.0,3.0,135.13,167.37,80.74,135.16,188,1645
Plano,SVC_DEVICE,2,IBM SVC Device,200.0,10.0,1.75,481.38,725.92,66.31,508.44,188,1645
Plano,UNITY_DEVICE,1,EMC Unity Device,100.0,10.0,1.5,25.14,41.06,61.23,30.56,188,1645
Backend,COMPELLENT_DEVICE,2,EMC Compellent Device,200.0,10.0,3.0,590.55,639.14,92.4,590.55,188,1648
Backend,VMAX_DEVICE,1,EMC VMax Device,100.0,5.0,3.0,135.13,167.37,80.74,135.16,188,1648
Plano,SVC_DEVICE,2,IBM SVC Device,200.0,10.0,1.75,481.09,725.92,66.27,508.44,188,1648
Plano,UNITY_DEVICE,1,EMC Unity Device,100.0,10.0,1.5,25.14,41.06,61.23,30.56,188,1648
Backend,COMPELLENT_DEVICE,2,EMC Compellent Device,200.0,10.0,3.0,590.55,639.14,92.4,590.55,188,1650
Backend,VMAX_DEVICE,1,EMC VMax Device,100.0,5.0,3.0,135.13,167.37,80.74,135.16,188,1650
Plano,SVC_DEVICE,2,IBM SVC Device,200.0,10.0,1.75,481.14,725.92,66.28,508.44,188,1650
Plano,UNITY_DEVICE,1,EMC Unity Device,100.0,10.0,1.5,25.14,41.06,61.23,30.56,188,1650
Backend,COMPELLENT_DEVICE,2,EMC Compellent Device,200.0,10.0,3.0,590.55,639.14,92.4,590.55,188,1652
Backend,VMAX_DEVICE,1,EMC VMax Device,100.0,5.0,3.0,135.13,167.37,80.74,135.16,188,1652
Plano,SVC_DEVICE,2,IBM SVC Device,200.0,10.0,1.75,481.14,725.92,66.28,508.14,188,1652
Plano,UNITY_DEVICE,1,EMC Unity Device,100.0,10.0,1.5,25.14,41.06,61.23,30.56,188,1652
Backend,COMPELLENT_DEVICE,2,EMC Compellent Device,200.0,10.0,3.0,590.75,639.14,92.43,590.75,188,1655
Backend,VMAX_DEVICE,1,EMC VMax Device,100.0,5.0,3.0,135.13,167.37,80.74,135.16,188,1655
Plano,SVC_DEVICE,2,IBM SVC Device,200.0,10.0,1.75,482.47,725.92,66.46,509.52,188,1655
Plano,UNITY_DEVICE,1,EMC Unity Device,100.0,10.0,1.5,25.14,41.06,61.23,30.56,188,1655
Backend,COMPELLENT_DEVICE,2,EMC Compellent Device,200.0,10.0,3.0,590.75,639.14,92.43,590.75,188,1657
Backend,VMAX_DEVICE,1,EMC VMax Device,100.0,5.0,3.0,135.13,167.37,80.74,135.16,188,1657
Plano,SVC_DEVICE,2,IBM SVC Device,200.0,10.0,1.75,482.53,725.92,66.47,509.52,188,1657
Plano,UNITY_DEVICE,1,EMC Unity Device,100.0,10.0,1.5,25.14,41.06,61.23,30.56,188,1657
Backend,COMPELLENT_DEVICE,2,EMC Compellent Device,200.0,10.0,3.0,590.75,639.14,92.43,590.75,188,1659
Backend,VMAX_DEVICE,1,EMC VMax Device,100.0,5.0,3.0,135.13,167.37,80.74,135.16,188,1659
Plano,SVC_DEVICE,2,IBM SVC Device,200.0,10.0,1.75,484.04,725.92,66.68,510.82,188,1659
Plano,UNITY_DEVICE,1,EMC Unity Device,100.0,10.0,1.5,25.14,41.06,61.23,30.56,188,1659
Backend,COMPELLENT_DEVICE,2,EMC Compellent Device,200.0,10.0,3.0,590.75,639.14,92.43,590.75,188,1662
Backend,VMAX_DEVICE,1,EMC VMax Device,100.0,5.0,3.0,135.13,167.37,80.74,135.16,188,1662
Plano,SVC_DEVICE,2,IBM SVC Device,200.0,10.0,1.75,483.91,725.92,66.66,510.82,188,1662
Plano,UNITY_DEVICE,1,EMC Unity Device,100.0,10.0,1.5,25.14,41.06,61.23,30.56,188,1662
Backend,COMPELLENT_DEVICE,2,EMC Compellent Device,200.0,10.0,3.0,590.75,639.14,92.43,590.75,188,1664
Backend,VMAX_DEVICE,1,EMC VMax Device,100.0,5.0,3.0,135.13,167.37,80.74,135.16,188,1664
Plano,SVC_DEVICE,2,IBM SVC Device,200.0,10.0,1.75,483.98,725.92,66.67,510.82,188,1664
Plano,UNITY_DEVICE,1,EMC Unity Device,100.0,10.0,1.5,25.14,41.06,61.23,30.56,188,1664
Backend,COMPELLENT_DEVICE,2,EMC Compellent Device,200.0,10.0,3.0,590.75,639.14,92.43,590.75,188,1666
Backend,VMAX_DEVICE,1,EMC VMax Device,100.0,5.0,3.0,135.13,167.37,80.74,135.16,188,1666
Plano,SVC_DEVICE,2,IBM SVC Device,200.0,10.0,1.75,484.1,725.92,66.69,510.97,188,1666
Plano,UNITY_DEVICE,1,EMC Unity Device,100.0,10.0,1.5,25.14,41.06,61.23,30.56,188,1666
Backend,COMPELLENT_DEVICE,2,EMC Compellent Device,200.0,10.0,3.0,590.75,639.14,92.43,590.75,188,1669
Backend,VMAX_DEVICE,1,EMC VMax Device,100.0,5.0,3.0,135.13,167.37,80.74,135.16,188,1669
Plano,SVC_DEVICE,2,IBM SVC Device,200.0,10.0,1.75,489.23,725.92,67.39,516.09,188,1669
Plano,UNITY_DEVICE,1,EMC Unity Device,100.0,10.0,1.5,25.15,41.06,61.25,30.77,188,1669
Backend,COMPELLENT_DEVICE,2,EMC Compellent Device,200.0,10.0,3.0,590.75,639.14,92.43,590.75,188,1671
Backend,VMAX_DEVICE,1,EMC VMax Device,100.0,5.0,3.0,135.13,167.37,80.74,135.16,188,1671
Plano,SVC_DEVICE,2,IBM SVC Device,200.0,10.0,1.75,489.13,725.92,67.38,516.09,188,1671
Plano,UNITY_DEVICE,1,EMC Unity Device,100.0,10.0,1.5,25.15,41.06,61.25,30.77,188,1671
Backend,COMPELLENT_DEVICE,2,EMC Compellent Device,200.0,10.0,3.0,590.75,639.14,92.43,590.75,188,1673
Backend,VMAX_DEVICE,1,EMC VMax Device,100.0,5.0,3.0,135.13,167.37,80.74,135.16,188,1673
Plano,SVC_DEVICE,2,IBM SVC Device,200.0,10.0,1.75,489.11,725.92,67.38,516.09,188,1673
Plano,UNITY_DEVICE,1,EMC Unity Device,100.0,10.0,1.5,25.15,41.06,61.25,30.77,188,1673
Backend,COMPELLENT_DEVICE,2,EMC Compellent Device,200.0,10.0,3.0,590.75,639.14,92.43,590.75,188,1676
Backend,VMAX_DEVICE,1,EMC VMax Device,100.0,5.0,3.0,135.13,167.37,80.74,135.16,188,1676
Plano,SVC_DEVICE,2,IBM SVC Device,200.0,10.0,1.75,489.14,725.92,67.38,516.09,188,1676
Plano,UNITY_DEVICE,1,EMC Unity Device,100.0,10.0,1.5,25.15,41.06,61.25,30.77,188,1676
Backend,COMPELLENT_DEVICE,2,EMC Compellent Device,200.0,10.0,3.0,590.75,639.14,92.43,590.75,188,1678
Backend,VMAX_DEVICE,1,EMC VMax Device,100.0,5.0,3.0,135.13,167.37,80.74,135.16,188,1678
Plano,SVC_DEVICE,2,IBM SVC Device,200.0,10.0,1.75,489.26,725.92,67.4,516.09,188,1678
Plano,UNITY_DEVICE,1,EMC Unity Device,100.0,10.0,1.5,25.15,41.06,61.25,30.77,188,1678
Backend,COMPELLENT_DEVICE,2,EMC Compellent Device,200.0,10.0,3.0,590.75,639.14,92.43,590.75,188,1680
Backend,VMAX_DEVICE,1,EMC VMax Device,100.0,5.0,3.0,135.13,167.37,80.74,135.16,188,1680
Plano,SVC_DEVICE,2,IBM SVC Device,200.0,10.0,1.75,489.33,725.92,67.41,516.28,188,1680
Plano,UNITY_DEVICE,1,EMC Unity Device,100.0,10.0,1.5,25.15,41.06,61.25,30.77,188,1680
Backend,COMPELLENT_DEVICE,2,EMC Compellent Device,200.0,10.0,3.0,590.75,639.14,92.43,590.75,188,1683
Backend,VMAX_DEVICE,1,EMC VMax Device,100.0,5.0,3.0,135.13,167.37,80.74,135.16,188,1683
Plano,SVC_DEVICE,2,IBM SVC Device,200.0,10.0,1.75,487.76,725.92,67.19,514.21,188,1683
Plano,UNITY_DEVICE,1,EMC Unity Device,100.0,10.0,1.5,25.15,41.06,61.25,30.77,188,1683
Backend,COMPELLENT_DEVICE,2,EMC Compellent Device,200.0,10.0,3.0,590.75,639.14,92.43,590.75,188,1685
Backend,VMAX_DEVICE,1,EMC VMax Device,100.0,5.0,3.0,135.13,167.37,80.74,135.16,188,1685
Plano,SVC_DEVICE,2,IBM SVC Device,200.0,10.0,1.75,487.86,725.92,67.21,514.21,188,1685
Plano,UNITY_DEVICE,1,EMC Unity Device,100.0,10.0,1.5,25.15,41.06,61.25,30.77,188,1685
Backend,COMPELLENT_DEVICE,2,EMC Compellent Device,200.0,10.0,3.0,590.75,639.14,92.43,590.75,188,1687
Backend,VMAX_DEVICE,1,EMC VMax Device,100.0,5.0,3.0,135.13,167.37,80.74,135.16,188,1687
Plano,SVC_DEVICE,2,IBM SVC Device,200.0,10.0,1.75,487.7,725.92,67.18,514.21,188,1687
Plano,UNITY_DEVICE,1,EMC Unity Device,100.0,10.0,1.5,25.15,41.06,61.25,30.77,188,1687
Backend,VMAX_DEVICE,1,EMC VMax Device,100.0,5.0,3.0,135.13,167.37,80.74,135.16,188,1690
Plano,SVC_DEVICE,2,IBM SVC Device,200.0,10.0,1.75,488.85,725.92,67.34,516.01,188,1690
Plano,UNITY_DEVICE,1,EMC Unity Device,100.0,10.0,1.5,25.15,41.06,61.26,30.77,188,1690
Backend,VMAX_DEVICE,1,EMC VMax Device,100.0,5.0,3.0,135.13,167.37,80.74,135.16,188,1692
Plano,SVC_DEVICE,2,IBM SVC Device,200.0,10.0,1.75,488.91,725.92,67.35,516.01,188,1692
Plano,UNITY_DEVICE,1,EMC Unity Device,100.0,10.0,1.5,25.15,41.06,61.26,30.77,188,1692
Backend,VMAX_DEVICE,1,EMC VMax Device,100.0,5.0,3.0,135.13,167.37,80.74,135.16,188,1694
Plano,SVC_DEVICE,2,IBM SVC Device,200.0,10.0,1.75,490.23,725.92,67.53,520.21,188,1694
Plano,UNITY_DEVICE,1,EMC Unity Device,100.0,10.0,1.5,25.15,41.06,61.26,30.77,188,1694
Backend,VMAX_DEVICE,1,EMC VMax Device,100.0,5.0,3.0,135.13,167.37,80.74,135.16,188,1697
Plano,SVC_DEVICE,2,IBM SVC Device,200.0,10.0,1.75,490.25,725.92,67.54,520.21,188,1697
Plano,UNITY_DEVICE,1,EMC Unity Device,100.0,10.0,1.5,25.15,41.06,61.26,30.77,188,1697
Backend,VMAX_DEVICE,1,EMC VMax Device,100.0,5.0,3.0,135.13,167.37,80.74,135.16,188,1699
Plano,SVC_DEVICE,2,IBM SVC Device,200.0,10.0,1.75,490.43,725.92,67.56,520.21,188,1699
Plano,UNITY_DEVICE,1,EMC Unity Device,100.0,10.0,1.5,25.15,41.06,61.26,30.77,188,1699
Backend,VMAX_DEVICE,1,EMC VMax Device,100.0,5.0,3.0,135.13,167.37,80.74,135.16,188,1701
Plano,SVC_DEVICE,2,IBM SVC Device,200.0,10.0,1.75,490.39,725.92,67.55,520.21,188,1701
Plano,UNITY_DEVICE,1,EMC Unity Device,100.0,10.0,1.5,25.15,41.06,61.27,30.77,188,1701
Backend,VMAX_DEVICE,1,EMC VMax Device,100.0,5.0,3.0,135.13,167.37,80.74,135.16,188,1704
Plano,SVC_DEVICE,2,IBM SVC Device,200.0,10.0,1.75,490.43,725.92,67.56,520.21,188,1704
Plano,UNITY_DEVICE,1,EMC Unity Device,100.0,10.0,1.5,25.16,41.06,61.27,30.77,188,1704
Plano,SVC_DEVICE,2,IBM SVC Device,200.0,10.0,1.75,490.66,725.92,67.59,520.21,188,1706
Plano,UNITY_DEVICE,1,EMC Unity Device,100.0,10.0,1.5,25.16,41.06,61.27,30.77,188,1706
Backend,VMAX_DEVICE,1,EMC VMax Device,100.0,5.0,3.0,135.13,167.37,80.74,135.16,188,1708
Plano,SVC_DEVICE,2,IBM SVC Device,200.0,10.0,1.75,491.41,725.92,67.69,523.01,188,1708
Plano,UNITY_DEVICE,1,EMC Unity Device,100.0,10.0,1.5,25.16,41.06,61.27,30.77,188,1708
Backend,VMAX_DEVICE,1,EMC VMax Device,100.0,5.0,3.0,135.13,167.37,80.74,135.16,188,1711
Plano,SVC_DEVICE,2,IBM SVC Device,200.0,10.0,1.75,488.43,725.92,67.28,519.55,188,1711
Plano,UNITY_DEVICE,1,EMC Unity Device,100.0,10.0,1.5,25.16,41.06,61.27,30.77,188,1711
Backend,VMAX_DEVICE,1,EMC VMax Device,100.0,5.0,3.0,135.13,167.37,80.74,135.16,188,1713
Plano,SVC_DEVICE,2,IBM SVC Device,200.0,10.0,1.75,488.49,725.92,67.29,519.55,188,1713
Plano,UNITY_DEVICE,1,EMC Unity Device,100.0,10.0,1.5,25.16,41.06,61.27,30.77,188,1713
Backend,VMAX_DEVICE,1,EMC VMax Device,100.0,5.0,3.0,135.13,167.37,80.74,135.16,188,1715
Plano,SVC_DEVICE,2,IBM SVC Device,200.0,10.0,1.75,488.01,725.92,67.23,519.05,188,1715
Plano,UNITY_DEVICE,1,EMC Unity Device,100.0,10.0,1.5,25.16,41.06,61.27,30.77,188,1715
Backend,VMAX_DEVICE,1,EMC VMax Device,100.0,5.0,3.0,135.13,167.37,80.74,135.16,188,1718
Plano,SVC_DEVICE,2,IBM SVC Device,200.0,10.0,1.75,488.33,725.92,67.27,519.05,188,1718
Plano,UNITY_DEVICE,1,EMC Unity Device,100.0,10.0,1.5,25.16,41.06,61.27,30.77,188,1718
Backend,VMAX_DEVICE,1,EMC VMax Device,100.0,5.0,3.0,135.13,167.37,80.74,135.16,188,1720
Plano,SVC_DEVICE,2,IBM SVC Device,200.0,10.0,1.75,488.35,725.92,67.27,519.05,188,1720
Plano,UNITY_DEVICE,1,EMC Unity Device,100.0,10.0,1.5,25.16,41.06,61.27,30.77,188,1720
Plano,SVC_DEVICE,2,IBM SVC Device,200.0,10.0,1.75,488.49,725.92,67.29,519.05,188,1722
Plano,UNITY_DEVICE,1,EMC Unity Device,100.0,10.0,1.5,25.16,41.06,61.27,30.77,188,1722
Backend,VMAX_DEVICE,1,EMC VMax Device,100.0,5.0,3.0,135.13,167.37,80.74,135.16,188,1725
Plano,SVC_DEVICE,2,IBM SVC Device,200.0,10.0,1.75,488.3,725.92,67.27,519.05,188,1725
Plano,UNITY_DEVICE,1,EMC Unity Device,100.0,10.0,1.5,25.16,41.06,61.27,30.77,188,1725
Backend,VMAX_DEVICE,1,EMC VMax Device,100.0,5.0,3.0,135.13,167.37,80.74,135.16,188,1727
Plano,SVC_DEVICE,2,IBM SVC Device,200.0,10.0,1.75,488.37,725.92,67.28,519.05,188,1727
Plano,UNITY_DEVICE,1,EMC Unity Device,100.0,10.0,1.5,25.16,41.06,61.27,30.77,188,1727
Backend,VMAX_DEVICE,1,EMC VMax Device,100.0,5.0,3.0,135.13,167.37,80.74,135.16,188,1729
Plano,SVC_DEVICE,2,IBM SVC Device,200.0,10.0,1.75,488.47,725.92,67.29,519.05,188,1729
Plano,UNITY_DEVICE,1,EMC Unity Device,100.0,10.0,1.5,25.16,41.06,61.27,30.77,188,1729
Backend,VMAX_DEVICE,1,EMC VMax Device,100.0,5.0,3.0,135.13,167.37,80.74,135.16,188,1732
Plano,SVC_DEVICE,2,IBM SVC Device,200.0,10.0,1.75,473.22,725.92,65.19,503.9,188,1732
Plano,UNITY_DEVICE,1,EMC Unity Device,100.0,10.0,1.5,25.16,41.06,61.27,30.77,188,1732
Backend,VMAX_DEVICE,1,EMC VMax Device,100.0,5.0,3.0,135.13,167.37,80.74,135.16,188,1734
Plano,SVC_DEVICE,2,IBM SVC Device,200.0,10.0,1.75,473.25,725.92,65.19,503.9,188,1734
Plano,UNITY_DEVICE,1,EMC Unity Device,100.0,10.0,1.5,25.16,41.06,61.27,30.77,188,1734
Backend,VMAX_DEVICE,1,EMC VMax Device,100.0,5.0,3.0,135.13,167.37,80.74,135.16,188,1736
Plano,SVC_DEVICE,2,IBM SVC Device,200.0,10.0,1.75,473.38,725.92,65.21,503.9,188,1736
Plano,UNITY_DEVICE,1,EMC Unity Device,100.0,10.0,1.5,25.16,41.06,61.27,30.77,188,1736
Backend,VMAX_DEVICE,1,EMC VMax Device,100.0,5.0,3.0,135.13,167.37,80.74,135.16,188,1739
Plano,SVC_DEVICE,2,IBM SVC Device,200.0,10.0,1.75,473.23,725.92,65.19,503.9,188,1739
Plano,UNITY_DEVICE,1,EMC Unity Device,100.0,10.0,1.5,25.16,41.06,61.28,43.13,188,1739
Backend,VMAX_DEVICE,1,EMC VMax Device,100.0,5.0,3.0,135.13,167.37,80.74,135.16,188,1741
Plano,SVC_DEVICE,2,IBM SVC Device,200.0,10.0,1.75,473.29,725.92,65.2,503.9,188,1741
Plano,UNITY_DEVICE,1,EMC Unity Device,100.0,10.0,1.5,25.16,41.06,61.27,30.77,188,1741
Backend,VMAX_DEVICE,1,EMC VMax Device,100.0,5.0,3.0,135.13,167.37,80.74,135.16,188,1743
Plano,SVC_DEVICE,2,IBM SVC Device,200.0,10.0,1.75,473.26,725.92,65.19,503.9,188,1743
Plano,UNITY_DEVICE,1,EMC Unity Device,100.0,10.0,1.5,25.16,41.06,61.27,30.77,188,1743
Backend,VMAX_DEVICE,1,EMC VMax Device,100.0,5.0,3.0,135.13,167.37,80.74,135.16,188,1746
Plano,SVC_DEVICE,2,IBM SVC Device,200.0,10.0,1.75,473.29,725.92,65.2,503.9,188,1746
Plano,UNITY_DEVICE,1,EMC Unity Device,100.0,10.0,1.5,25.16,41.06,61.27,30.77,188,1746
Backend,VMAX_DEVICE,1,EMC VMax Device,100.0,5.0,3.0,135.13,167.37,80.74,135.16,188,1748
Plano,SVC_DEVICE,2,IBM SVC Device,200.0,10.0,1.75,473.72,725.92,65.26,503.9,188,1748
Plano,UNITY_DEVICE,1,EMC Unity Device,100.0,10.0,1.5,25.16,41.06,61.27,30.77,188,1748
Backend,VMAX_DEVICE,1,EMC VMax Device,100.0,5.0,3.0,135.13,167.37,80.74,135.16,188,1750
Plano,SVC_DEVICE,2,IBM SVC Device,200.0,10.0,1.75,474.89,725.92,65.42,505.17,188,1750
Plano,UNITY_DEVICE,1,EMC Unity Device,100.0,10.0,1.5,25.16,41.06,61.27,30.77,188,1750
Backend,VMAX_DEVICE,1,EMC VMax Device,100.0,5.0,3.0,135.13,167.37,80.74,135.16,188,1753
Plano,SVC_DEVICE,2,IBM SVC Device,200.0,10.0,1.75,476.1,725.92,65.59,506.93,188,1753
Plano,UNITY_DEVICE,1,EMC Unity Device,100.0,10.0,1.5,25.16,41.06,61.27,30.77,188,1753
Backend,VMAX_DEVICE,1,EMC VMax Device,100.0,5.0,3.0,135.13,167.37,80.74,135.16,188,1755
Plano,SVC_DEVICE,2,IBM SVC Device,200.0,10.0,1.75,476.1,725.92,65.59,506.93,188,1755
Plano,UNITY_DEVICE,1,EMC Unity Device,100.0,10.0,1.5,25.16,41.06,61.27,30.77,188,1755
Backend,VMAX_DEVICE,1,EMC VMax Device,100.0,5.0,3.0,135.13,167.37,80.74,135.16,188,1757
Plano,SVC_DEVICE,2,IBM SVC Device,200.0,10.0,1.75,475.49,725.92,65.5,505.81,188,1757
Plano,UNITY_DEVICE,1,EMC Unity Device,100.0,10.0,1.5,25.16,41.06,61.27,30.77,188,1757
Backend,VMAX_DEVICE,1,EMC VMax Device,100.0,5.0,3.0,135.13,167.37,80.74,135.16,188,1760
Plano,SVC_DEVICE,2,IBM SVC Device,200.0,10.0,1.75,475.34,725.92,65.48,505.81,188,1760
Plano,UNITY_DEVICE,1,EMC Unity Device,100.0,10.0,1.5,25.16,41.06,61.27,30.77,188,1760
Backend,VMAX_DEVICE,1,EMC VMax Device,100.0,5.0,3.0,135.13,167.37,80.74,135.16,188,1762
Plano,SVC_DEVICE,2,IBM SVC Device,200.0,10.0,1.75,475.34,725.92,65.48,505.81,188,1762
Plano,UNITY_DEVICE,1,EMC Unity Device,100.0,10.0,1.5,25.16,41.06,61.27,30.77,188,1762
Backend,VMAX_DEVICE,1,EMC VMax Device,100.0,5.0,3.0,135.13,167.37,80.74,135.16,188,1764
Plano,SVC_DEVICE,2,IBM SVC Device,200.0,10.0,1.75,475.68,725.92,65.53,505.81,188,1764
Plano,UNITY_DEVICE,1,EMC Unity Device,100.0,10.0,1.5,25.16,41.06,61.27,30.77,188,1764
Backend,VMAX_DEVICE,1,EMC VMax Device,100.0,5.0,3.0,135.13,167.37,80.74,135.16,188,1767
Plano,SVC_DEVICE,2,IBM SVC Device,200.0,10.0,1.75,475.73,725.92,65.53,505.81,188,1767
Plano,UNITY_DEVICE,1,EMC Unity Device,100.0,10.0,1.5,25.16,41.06,61.27,42.76,188,1767
Backend,VMAX_DEVICE,1,EMC VMax Device,100.0,5.0,3.0,135.13,167.37,80.74,135.16,188,1769
Plano,SVC_DEVICE,2,IBM SVC Device,200.0,10.0,1.75,475.43,725.92,65.49,505.81,188,1769
Plano,UNITY_DEVICE,1,EMC Unity Device,100.0,10.0,1.5,25.16,41.06,61.27,30.77,188,1769
Backend,VMAX_DEVICE,1,EMC VMax Device,100.0,5.0,3.0,135.13,167.37,80.74,135.16,188,1771
Plano,SVC_DEVICE,2,IBM SVC Device,200.0,10.0,1.75,475.56,725.92,65.51,505.81,188,1771
Plano,UNITY_DEVICE,1,EMC Unity Device,100.0,10.0,1.5,25.16,41.06,61.27,30.77,188,1771
Backend,VMAX_DEVICE,1,EMC VMax Device,100.0,5.0,3.0,135.13,167.37,80.74,135.16,188,1774
Plano,SVC_DEVICE,2,IBM SVC Device,200.0,10.0,1.75,475.4,725.92,65.49,505.81,188,1774
Plano,UNITY_DEVICE,1,EMC Unity Device,100.0,10.0,1.5,25.16,41.06,61.27,30.77,188,1774
Backend,VMAX_DEVICE,1,EMC VMax Device,100.0,5.0,3.0,135.13,167.37,80.74,135.16,188,1776
Plano,SVC_DEVICE,2,IBM SVC Device,200.0,10.0,1.75,475.43,725.92,65.49,505.81,188,1776
Plano,UNITY_DEVICE,1,EMC Unity Device,100.0,10.0,1.5,25.16,41.06,61.27,30.77,188,1776
Backend,VMAX_DEVICE,1,EMC VMax Device,100.0,5.0,3.0,135.13,167.37,80.74,135.16,188,1778
Plano,SVC_DEVICE,2,IBM SVC Device,200.0,10.0,1.75,472.31,725.92,65.06,502.56,188,1778
Plano,UNITY_DEVICE,1,EMC Unity Device,100.0,10.0,1.5,25.16,41.06,61.27,30.77,188,1778
Backend,VMAX_DEVICE,1,EMC VMax Device,100.0,5.0,3.0,135.13,167.37,80.74,135.16,188,1781
Plano,SVC_DEVICE,2,IBM SVC Device,200.0,10.0,1.75,482.83,725.92,66.51,513.17,188,1781
Plano,UNITY_DEVICE,1,EMC Unity Device,100.0,10.0,1.5,25.16,41.06,61.27,30.77,188,1781
Backend,VMAX_DEVICE,1,EMC VMax Device,100.0,5.0,3.0,135.13,167.37,80.74,135.16,188,1783
Plano,SVC_DEVICE,2,IBM SVC Device,200.0,10.0,1.75,482.85,725.92,66.52,513.17,188,1783
Plano,UNITY_DEVICE,1,EMC Unity Device,100.0,10.0,1.5,25.16,41.06,61.27,30.77,188,1783
Backend,VMAX_DEVICE,1,EMC VMax Device,100.0,5.0,3.0,135.13,167.37,80.74,135.16,188,1785
Plano,SVC_DEVICE,2,IBM SVC Device,200.0,10.0,1.75,482.9,725.92,66.52,513.17,188,1785
Plano,UNITY_DEVICE,1,EMC Unity Device,100.0,10.0,1.5,25.16,41.06,61.27,30.77,188,1785
Backend,VMAX_DEVICE,1,EMC VMax Device,100.0,5.0,3.0,135.13,167.37,80.74,135.16,188,1788
Plano,SVC_DEVICE,2,IBM SVC Device,200.0,10.0,1.75,472.28,725.92,65.06,502.56,188,1788
Plano,UNITY_DEVICE,1,EMC Unity Device,100.0,10.0,1.5,25.16,41.06,61.27,30.77,188,1788
Plano,SVC_DEVICE,2,IBM SVC Device,200.0,10.0,1.75,472.3,725.92,65.06,502.56,188,1790
Plano,UNITY_DEVICE,1,EMC Unity Device,100.0,10.0,1.5,25.16,41.06,61.27,30.77,188,1790
Backend,VMAX_DEVICE,1,EMC VMax Device,100.0,5.0,3.0,135.13,167.37,80.74,135.16,188,1792
Plano,SVC_DEVICE,2,IBM SVC Device,200.0,10.0,1.75,472.39,725.92,65.07,502.56,188,1792
Plano,UNITY_DEVICE,1,EMC Unity Device,100.0,10.0,1.5,25.16,41.06,61.27,30.77,188,1792
Backend,VMAX_DEVICE,1,EMC VMax Device,100.0,5.0,3.0,135.13,167.37,80.74,135.16,188,1795
Plano,SVC_DEVICE,2,IBM SVC Device,200.0,10.0,1.75,472.44,725.92,65.08,502.56,188,1795
Plano,UNITY_DEVICE,1,EMC Unity Device,100.0,10.0,1.5,25.16,41.06,61.27,30.77,188,1795
Backend,VMAX_DEVICE,1,EMC VMax Device,100.0,5.0,3.0,135.13,167.37,80.74,135.16,188,1797
Plano,SVC_DEVICE,2,IBM SVC Device,200.0,10.0,1.75,472.28,725.92,65.06,502.56,188,1797
Plano,UNITY_DEVICE,1,EMC Unity Device,100.0,10.0,1.5,25.16,41.06,61.27,30.77,188,1797
Backend,VMAX_DEVICE,1,EMC VMax Device,100.0,5.0,3.0,135.13,167.37,80.74,135.16,188,1799
Plano,SVC_DEVICE,2,IBM SVC Device,200.0,10.0,1.75,472.47,725.92,65.09,502.56,188,1799
Plano,UNITY_DEVICE,1,EMC Unity Device,100.0,10.0,1.5,25.16,41.06,61.27,30.77,188,1799
Backend,VMAX_DEVICE,1,EMC VMax Device,100.0,5.0,3.0,135.13,167.37,80.74,135.16,188,1802
Plano,SVC_DEVICE,2,IBM SVC Device,200.0,10.0,1.75,472.1,725.92,65.04,502.56,188,1802
Plano,UNITY_DEVICE,1,EMC Unity Device,100.0,10.0,1.5,25.16,41.06,61.28,41.94,188,1802
Backend,VMAX_DEVICE,1,EMC VMax Device,100.0,5.0,3.0,135.13,167.37,80.74,135.16,188,1804
Plano,SVC_DEVICE,2,IBM SVC Device,200.0,10.0,1.75,472.36,725.92,65.07,502.56,188,1804
Plano,UNITY_DEVICE,1,EMC Unity Device,100.0,10.0,1.5,25.16,41.06,61.27,30.77,188,1804
Backend,VMAX_DEVICE,1,EMC VMax Device,100.0,5.0,3.0,135.13,167.37,80.74,135.16,188,1806
Plano,SVC_DEVICE,2,IBM SVC Device,200.0,10.0,1.75,472.44,725.92,65.08,502.56,188,1806
Plano,UNITY_DEVICE,1,EMC Unity Device,100.0,10.0,1.5,25.16,41.06,61.27,30.77,188,1806
Backend,VMAX_DEVICE,1,EMC VMax Device,100.0,5.0,3.0,135.13,167.37,80.74,135.16,188,1809
Plano,SVC_DEVICE,2,IBM SVC Device,200.0,10.0,1.75,472.54,725.92,65.1,502.76,188,1809
Plano,UNITY_DEVICE,1,EMC Unity Device,100.0,10.0,1.5,25.16,41.06,61.27,30.77,188,1809
Backend,VMAX_DEVICE,1,EMC VMax Device,100.0,5.0,3.0,135.13,167.37,80.74,135.16,188,1811
Plano,SVC_DEVICE,2,IBM SVC Device,200.0,10.0,1.75,472.57,725.92,65.1,502.76,188,1811
Plano,UNITY_DEVICE,1,EMC Unity Device,100.0,10.0,1.5,25.16,41.06,61.27,30.77,188,1811
Backend,VMAX_DEVICE,1,EMC VMax Device,100.0,5.0,3.0,135.13,167.37,80.74,135.16,188,1813
Plano,SVC_DEVICE,2,IBM SVC Device,200.0,10.0,1.75,472.51,725.92,65.09,502.76,188,1813
Plano,UNITY_DEVICE,1,EMC Unity Device,100.0,10.0,1.5,25.16,41.06,61.27,30.77,188,1813
Backend,VMAX_DEVICE,1,EMC VMax Device,100.0,5.0,3.0,135.13,167.37,80.74,135.16,188,1816
Plano,SVC_DEVICE,2,IBM SVC Device,200.0,10.0,1.75,472.56,725.92,65.1,502.76,188,1816
Plano,UNITY_DEVICE,1,EMC Unity Device,100.0,10.0,1.5,25.16,41.06,61.27,30.77,188,1816
Backend,VMAX_DEVICE,1,EMC VMax Device,100.0,5.0,3.0,135.13,167.37,80.74,135.16,188,1818
Plano,SVC_DEVICE,3,IBM SVC Device,300.0,15.0,1.75,910.04,1399.62,65.02,942.1,188,1818
Plano,UNITY_DEVICE,1,EMC Unity Device,100.0,10.0,1.5,25.16,41.06,61.27,30.77,188,1818
Backend,VMAX_DEVICE,1,EMC VMax Device,100.0,5.0,3.0,135.13,167.37,80.74,135.16,188,1820
Plano,SVC_DEVICE,2,IBM SVC Device,200.0,10.0,1.75,472.68,725.92,65.11,502.76,188,1820
Plano,UNITY_DEVICE,1,EMC Unity Device,100.0,10.0,1.5,25.16,41.06,61.27,30.77,188,1820
Backend,VMAX_DEVICE,1,EMC VMax Device,100.0,5.0,3.0,135.13,167.37,80.74,135.16,188,1823
Plano,SVC_DEVICE,2,IBM SVC Device,200.0,10.0,1.75,472.67,725.92,65.11,502.76,188,1823
Plano,UNITY_DEVICE,1,EMC Unity Device,100.0,10.0,1.5,25.16,41.06,61.27,30.77,188,1823
Backend,VMAX_DEVICE,1,EMC VMax Device,100.0,5.0,3.0,135.13,167.37,80.74,135.16,188,1825
Plano,SVC_DEVICE,2,IBM SVC Device,200.0,10.0,1.75,472.59,725.92,65.1,502.76,188,1825
Plano,UNITY_DEVICE,1,EMC Unity Device,100.0,10.0,1.5,25.16,41.06,61.27,30.77,188,1825
Backend,VMAX_DEVICE,1,EMC VMax Device,100.0,5.0,3.0,135.13,167.37,80.74,135.16,188,1827
Plano,SVC_DEVICE,2,IBM SVC Device,200.0,10.0,1.75,472.82,725.92,65.13,502.76,188,1827
Plano,UNITY_DEVICE,1,EMC Unity Device,100.0,10.0,1.5,25.16,41.06,61.27,30.77,188,1827
Backend,VMAX_DEVICE,1,EMC VMax Device,100.0,5.0,3.0,135.13,167.37,80.74,135.16,188,1830
Plano,SVC_DEVICE,2,IBM SVC Device,200.0,10.0,1.75,472.57,725.92,65.1,502.76,188,1830
Plano,UNITY_DEVICE,1,EMC Unity Device,100.0,10.0,1.5,25.16,41.06,61.28,43.46,188,1830
Backend,VMAX_DEVICE,1,EMC VMax Device,100.0,5.0,3.0,135.13,167.37,80.74,135.16,188,1832
Plano,SVC_DEVICE,2,IBM SVC Device,200.0,10.0,1.75,472.59,725.92,65.1,502.76,188,1832
Plano,UNITY_DEVICE,1,EMC Unity Device,100.0,10.0,1.5,25.16,41.06,61.27,30.77,188,1832
Backend,VMAX_DEVICE,1,EMC VMax Device,100.0,5.0,3.0,135.13,167.37,80.74,135.16,188,1834
Plano,SVC_DEVICE,2,IBM SVC Device,200.0,10.0,1.75,472.69,725.92,65.12,502.76,188,1834
Plano,UNITY_DEVICE,1,EMC Unity Device,100.0,10.0,1.5,25.16,41.06,61.27,30.77,188,1834
Backend,VMAX_DEVICE,1,EMC VMax Device,100.0,5.0,3.0,135.13,167.37,80.74,135.16,188,1837
Plano,SVC_DEVICE,2,IBM SVC Device,200.0,10.0,1.75,472.75,725.92,65.12,502.76,188,1837
Plano,UNITY_DEVICE,1,EMC Unity Device,100.0,10.0,1.5,25.16,41.06,61.27,30.77,188,1837
Backend,VMAX_DEVICE,1,EMC VMax Device,100.0,5.0,3.0,135.13,167.37,80.74,135.16,188,1839
Plano,SVC_DEVICE,2,IBM SVC Device,200.0,10.0,1.75,472.61,725.92,65.1,502.76,188,1839
Plano,UNITY_DEVICE,1,EMC Unity Device,100.0,10.0,1.5,25.16,41.06,61.27,30.77,188,1839
Backend,VMAX_DEVICE,1,EMC VMax Device,100.0,5.0,3.0,135.13,167.37,80.74,135.16,188,1841
Plano,SVC_DEVICE,2,IBM SVC Device,200.0,10.0,1.75,472.71,725.92,65.12,502.76,188,1841
Plano,UNITY_DEVICE,1,EMC Unity Device,100.0,10.0,1.5,25.16,41.06,61.27,30.77,188,1841
Backend,VMAX_DEVICE,1,EMC VMax Device,100.0,5.0,3.0,135.13,167.37,80.74,135.16,188,1844
Plano,SVC_DEVICE,2,IBM SVC Device,200.0,10.0,1.75,472.73,725.92,65.12,502.76,188,1844
Plano,UNITY_DEVICE,1,EMC Unity Device,100.0,10.0,1.5,25.16,41.06,61.27,30.77,188,1844
Backend,VMAX_DEVICE,1,EMC VMax Device,100.0,5.0,3.0,135.13,167.37,80.74,135.16,188,1846
Plano,SVC_DEVICE,2,IBM SVC Device,200.0,10.0,1.75,472.66,725.92,65.11,502.76,188,1846
Plano,UNITY_DEVICE,1,EMC Unity Device,100.0,10.0,1.5,25.16,41.06,61.27,30.77,188,1846
